source_file,timestamp,strategy,seed,comms_dropout,grid_size,n_steps,actual_n_steps,n_drones,n_ground,n_survivors,sim_step_seconds,actual_duration_seconds,terrain_source,survivor_recall,time_to_verification,false_positive_trips,hazard_exposure,ugv_travel_cost,n_frames,peak_fire_cells,final_fire_cells,peak_smoke_cells,final_smoke_cells,steps_to_first_scouted,steps_to_first_found,final_scouted,final_found,mean_comms_uptime,total_drone_path_len
ant_colony__d0p0__s0__20260615-073351-106381.json,20260615-073351-106381,ant_colony,0,0.0,128,500,500,3,2,5,2.0,1000.0,real,0.0,,0,36,0.0,501,1934,1792,4905,4905,,,0,0,1.0,38.6623
ant_colony__d0p0__s10__20260615-074520-787220.json,20260615-074520-787220,ant_colony,10,0.0,128,500,500,3,2,5,2.0,1000.0,real,0.0,,0,0,2.684652521740645,501,453,16,610,104,162,,1,0,1.0,38.8498
ant_colony__d0p0__s11__20260615-074639-119720.json,20260615-074639-119720,ant_colony,11,0.0,128,500,500,3,2,5,2.0,1000.0,real,0.2,229.0,0,184,2.1722115631950096,501,1733,1690,3690,3690,34,263,1,1,1.0,38.5186
ant_colony__d0p0__s12__20260615-074756-858797.json,20260615-074756-858797,ant_colony,12,0.0,128,500,500,3,2,5,2.0,1000.0,real,0.0,,0,0,1.554317709757015,501,488,70,827,621,313,,1,0,1.0,39.0466
ant_colony__d0p0__s13__20260615-074904-075554.json,20260615-074904-075554,ant_colony,13,0.0,128,500,500,3,2,5,2.0,1000.0,real,0.4,210.0,0,0,4.182136871851981,501,443,54,908,489,149,395,3,2,1.0,39.421
ant_colony__d0p0__s14__20260615-075009-937949.json,20260615-075009-937949,ant_colony,14,0.0,128,500,500,3,2,5,2.0,1000.0,real,0.0,,0,0,2.6245460445061326,501,2134,1275,4783,4783,201,,1,0,1.0,39.0911
ant_colony__d0p0__s15__20260615-075124-100083.json,20260615-075124-100083,ant_colony,15,0.0,128,500,500,3,2,5,2.0,1000.0,real,0.6,129.0,0,7,3.421506809461425,501,2201,1697,5481,5469,83,167,3,3,1.0,38.5212
ant_colony__d0p0__s16__20260615-075226-523833.json,20260615-075226-523833,ant_colony,16,0.0,128,500,500,3,2,5,2.0,1000.0,real,0.4,167.5,0,57,5.213640768546611,501,486,111,946,625,94,217,3,2,1.0,38.7693
ant_colony__d0p0__s1__20260615-073510-504386.json,20260615-073510-504386,ant_colony,1,0.0,128,500,500,3,2,5,2.0,1000.0,real,0.4,150.5,0,47,5.904071791563183,501,1897,1878,4699,4699,39,250,3,2,1.0,38.9157
ant_colony__d0p0__s2__20260615-073617-640954.json,20260615-073617-640954,ant_colony,2,0.0,128,500,500,3,2,5,2.0,1000.0,real,0.6,241.66666666666666,0,17,6.004420227371156,501,451,367,1135,1024,85,245,4,3,1.0,38.9859
ant_colony__d0p0__s3__20260615-073711-250590.json,20260615-073711-250590,ant_colony,3,0.0,128,500,500,3,2,5,2.0,1000.0,real,0.2,276.0,0,0,2.72949402818125,501,443,127,811,559,90,366,2,1,1.0,39.0565
ant_colony__d0p0__s4__20260615-073815-014860.json,20260615-073815-014860,ant_colony,4,0.0,128,500,500,3,2,5,2.0,1000.0,real,0.4,253.0,0,0,4.540525202953148,501,439,105,847,512,36,279,2,2,1.0,38.8061
ant_colony__d0p0__s5__20260615-073939-761610.json,20260615-073939-761610,ant_colony,5,0.0,128,500,500,3,2,5,2.0,1000.0,real,0.4,65.0,0,0,1.7112221738539688,501,1983,1472,4387,4387,199,307,3,2,1.0,38.1141
ant_colony__d0p0__s6__20260615-074054-885912.json,20260615-074054-885912,ant_colony,6,0.0,128,500,500,3,2,5,2.0,1000.0,real,0.2,223.0,0,105,2.1201359828586988,501,447,146,1126,564,154,377,1,1,1.0,39.4957
ant_colony__d0p0__s7__20260615-074211-337423.json,20260615-074211-337423,ant_colony,7,0.0,128,500,500,3,2,5,2.0,1000.0,real,0.4,53.5,0,6,3.9848596388474107,501,1963,1942,4167,4167,161,373,3,2,1.0,38.5155
ant_colony__d0p0__s8__20260615-074310-215714.json,20260615-074310-215714,ant_colony,8,0.0,128,500,500,3,2,5,2.0,1000.0,real,0.2,309.0,0,0,2.6824748576457296,501,1897,1448,3785,3785,113,422,1,1,1.0,39.3104
ant_colony__d0p0__s9__20260615-074408-663914.json,20260615-074408-663914,ant_colony,9,0.0,128,500,500,3,2,5,2.0,1000.0,real,0.0,,0,0,0.13043342111632228,501,590,219,1400,1080,485,,1,0,1.0,38.9597
ant_colony__d0p2__s0__20260615-075426-616140.json,20260615-075426-616140,ant_colony,0,0.2,128,500,500,3,2,5,2.0,1000.0,real,0.4,193.0,0,0,3.9391156466133177,501,1901,1701,4415,4415,61,231,2,2,0.7972,39.1325
ant_colony__d0p2__s10__20260615-081719-214705.json,20260615-081719-214705,ant_colony,10,0.2,128,500,500,3,2,5,2.0,1000.0,real,0.4,180.0,0,0,6.112833791645244,501,480,16,696,83,113,234,3,2,0.8092,38.7808
ant_colony__d0p2__s11__20260615-081913-260277.json,20260615-081913-260277,ant_colony,11,0.2,128,500,500,3,2,5,2.0,1000.0,real,0.2,276.0,0,0,4.693255650810897,501,424,26,542,255,191,467,2,1,0.7924,38.5971
ant_colony__d0p2__s12__20260615-082148-007133.json,20260615-082148-007133,ant_colony,12,0.2,128,500,500,3,2,5,2.0,1000.0,real,0.4,158.5,0,6,5.3331927596743185,501,855,855,1935,1935,45,254,4,2,0.8128,38.5377
ant_colony__d0p2__s13__20260615-082331-983738.json,20260615-082331-983738,ant_colony,13,0.2,128,500,500,3,2,5,2.0,1000.0,real,0.2,59.0,0,351,1.417535639026113,501,1736,1570,4170,4170,39,98,1,1,0.7996,38.7232
ant_colony__d0p2__s14__20260615-082522-690462.json,20260615-082522-690462,ant_colony,14,0.2,128,500,500,3,2,5,2.0,1000.0,real,0.0,,0,0,0.8730291412211955,501,474,102,856,303,436,,1,0,0.7952,38.2607
ant_colony__d0p2__s15__20260615-082752-995874.json,20260615-082752-995874,ant_colony,15,0.2,128,500,500,3,2,5,2.0,1000.0,real,0.2,341.0,0,0,5.816908479435369,501,1555,1553,2708,2708,150,491,1,1,0.7916,38.9066
ant_colony__d0p2__s16__20260615-082936-435973.json,20260615-082936-435973,ant_colony,16,0.2,128,500,500,3,2,5,2.0,1000.0,real,0.2,131.0,0,0,1.9723608217843385,501,456,147,1103,574,20,151,2,1,0.804,38.4318
ant_colony__d0p2__s1__20260615-075915-197956.json,20260615-075915-197956,ant_colony,1,0.2,128,500,500,3,2,5,2.0,1000.0,real,0.2,253.0,0,0,4.131537462119013,501,508,106,1098,703,216,469,4,1,0.816,38.3374
ant_colony__d0p2__s2__20260615-080233-370817.json,20260615-080233-370817,ant_colony,2,0.2,128,500,500,3,2,5,2.0,1000.0,real,0.2,324.0,0,0,4.547353963269899,501,2068,1808,5205,5205,95,419,3,1,0.8028,38.2705
ant_colony__d0p2__s3__20260615-080435-698139.json,20260615-080435-698139,ant_colony,3,0.2,128,500,500,3,2,5,2.0,1000.0,real,0.6,226.66666666666666,0,29,7.345731734531,501,2318,1873,6104,6098,31,295,4,3,0.7888,38.7682
ant_colony__d0p2__s4__20260615-080609-501998.json,20260615-080609-501998,ant_colony,4,0.2,128,500,500,3,2,5,2.0,1000.0,real,0.4,107.5,0,14,5.347939851693809,501,1891,1528,4816,4803,161,323,3,2,0.8048,39.006
ant_colony__d0p2__s5__20260615-080811-334216.json,20260615-080811-334216,ant_colony,5,0.2,128,500,500,3,2,5,2.0,1000.0,real,0.4,85.5,0,0,2.36850408403879,501,1957,1901,3885,3885,16,38,2,2,0.798,38.8867
ant_colony__d0p2__s6__20260615-081024-555569.json,20260615-081024-555569,ant_colony,6,0.2,128,500,500,3,2,5,2.0,1000.0,real,0.4,118.0,0,3,4.604914433408069,501,635,186,1436,1353,171,205,4,2,0.8088,39.0106
ant_colony__d0p2__s7__20260615-081129-412050.json,20260615-081129-412050,ant_colony,7,0.2,128,500,500,3,2,5,2.0,1000.0,real,0.2,80.0,0,0,2.0444181514903903,501,449,150,947,742,396,497,2,1,0.7832,38.6897
ant_colony__d0p2__s8__20260615-081301-435343.json,20260615-081301-435343,ant_colony,8,0.2,128,500,500,3,2,5,2.0,1000.0,real,0.2,44.0,0,0,0.8977852682799963,501,454,333,848,835,225,269,1,1,0.7944,38.3143
ant_colony__d0p2__s9__20260615-081523-500511.json,20260615-081523-500511,ant_colony,9,0.2,128,500,500,3,2,5,2.0,1000.0,real,0.2,253.0,0,9,3.875909856520593,501,900,898,2266,2266,231,484,2,1,0.8152,38.8907
ant_colony__d0p4__s0__20260615-083129-466150.json,20260615-083129-466150,ant_colony,0,0.4,128,500,500,3,2,5,2.0,1000.0,real,0.8,125.5,0,0,5.427559170149948,501,1901,1701,4415,4415,61,233,4,4,0.5976,39.381
ant_colony__d0p4__s10__20260615-085336-143430.json,20260615-085336-143430,ant_colony,10,0.4,128,500,500,3,2,5,2.0,1000.0,real,0.4,180.0,0,0,5.760064223897643,501,480,16,696,83,113,234,3,2,0.602,39.1631
ant_colony__d0p4__s11__20260615-085524-625483.json,20260615-085524-625483,ant_colony,11,0.4,128,500,500,3,2,5,2.0,1000.0,real,0.2,224.0,0,0,4.712731856468682,501,424,26,542,255,191,415,2,1,0.5892,38.5971
ant_colony__d0p4__s12__20260615-085713-829963.json,20260615-085713-829963,ant_colony,12,0.4,128,500,500,3,2,5,2.0,1000.0,real,0.2,209.0,0,62,5.244389690812973,501,855,855,1935,1935,45,254,2,1,0.6088,38.4838
ant_colony__d0p4__s13__20260615-085832-609296.json,20260615-085832-609296,ant_colony,13,0.4,128,500,500,3,2,5,2.0,1000.0,real,0.2,59.0,0,333,1.8755683880196443,501,1736,1570,4170,4170,39,98,3,1,0.612,38.5716
ant_colony__d0p4__s14__20260615-090023-114543.json,20260615-090023-114543,ant_colony,14,0.4,128,500,500,3,2,5,2.0,1000.0,real,0.0,,0,0,1.7156311301514506,501,474,102,856,303,388,,1,0,0.6136,38.2087
ant_colony__d0p4__s15__20260615-090245-881175.json,20260615-090245-881175,ant_colony,15,0.4,128,500,500,3,2,5,2.0,1000.0,real,0.2,341.0,0,0,6.673716617515311,501,1555,1553,2708,2708,150,491,1,1,0.5936,38.9066
ant_colony__d0p4__s16__20260615-090511-911310.json,20260615-090511-911310,ant_colony,16,0.4,128,500,500,3,2,5,2.0,1000.0,real,0.4,95.5,0,0,5.439460761397175,501,456,147,1103,574,20,113,3,2,0.6056,38.4197
ant_colony__d0p4__s1__20260615-083652-491472.json,20260615-083652-491472,ant_colony,1,0.4,128,500,500,3,2,5,2.0,1000.0,real,0.0,,0,0,3.804697482381016,501,508,106,1098,703,216,,4,0,0.6056,38.3374
ant_colony__d0p4__s2__20260615-083942-472129.json,20260615-083942-472129,ant_colony,2,0.4,128,500,500,3,2,5,2.0,1000.0,real,0.2,267.0,0,0,4.165683521071713,501,2068,1808,5205,5205,95,362,3,1,0.602,38.2705
ant_colony__d0p4__s3__20260615-084054-148054.json,20260615-084054-148054,ant_colony,3,0.4,128,500,500,3,2,5,2.0,1000.0,real,0.6,190.33333333333334,0,29,6.705901849290456,501,2318,1873,6104,6098,31,236,4,3,0.5868,38.5089
ant_colony__d0p4__s4__20260615-084245-656656.json,20260615-084245-656656,ant_colony,4,0.4,128,500,500,3,2,5,2.0,1000.0,real,0.0,,0,4,5.38621813012287,501,1891,1528,4816,4803,161,,2,0,0.5952,38.7665
ant_colony__d0p4__s5__20260615-084431-719549.json,20260615-084431-719549,ant_colony,5,0.4,128,500,500,3,2,5,2.0,1000.0,real,0.4,85.5,0,0,2.506057462750019,501,1957,1901,3885,3885,16,38,2,2,0.6012,38.9019
ant_colony__d0p4__s6__20260615-084617-164539.json,20260615-084617-164539,ant_colony,6,0.4,128,500,500,3,2,5,2.0,1000.0,real,0.4,115.5,0,12,3.7382050272424863,501,635,186,1436,1353,210,374,2,2,0.6072,39.1607
ant_colony__d0p4__s7__20260615-084721-710862.json,20260615-084721-710862,ant_colony,7,0.4,128,500,500,3,2,5,2.0,1000.0,real,0.2,76.0,0,0,2.0480738733895123,501,449,150,947,742,396,493,2,1,0.5812,38.7226
ant_colony__d0p4__s8__20260615-084909-262360.json,20260615-084909-262360,ant_colony,8,0.4,128,500,500,3,2,5,2.0,1000.0,real,0.4,35.5,0,0,1.600385367991585,501,454,333,848,835,225,257,2,2,0.6072,38.1252
ant_colony__d0p4__s9__20260615-085126-585716.json,20260615-085126-585716,ant_colony,9,0.4,128,500,500,3,2,5,2.0,1000.0,real,0.4,223.0,0,11,3.959942567627877,501,900,898,2266,2266,231,454,2,2,0.6048,39.4413
ant_colony__d0p6__s0__20260615-090654-354466.json,20260615-090654-354466,ant_colony,0,0.6,128,500,500,3,2,5,2.0,1000.0,real,0.8,93.0,0,0,5.876115917527457,501,1901,1701,4415,4415,61,214,5,4,0.3888,38.8208
ant_colony__d0p6__s10__20260615-092647-687075.json,20260615-092647-687075,ant_colony,10,0.6,128,500,500,3,2,5,2.0,1000.0,real,0.4,178.5,0,0,6.034732672254904,501,480,16,696,83,113,238,2,2,0.3952,39.1381
ant_colony__d0p6__s11__20260615-092806-479358.json,20260615-092806-479358,ant_colony,11,0.6,128,500,500,3,2,5,2.0,1000.0,real,0.2,200.0,0,0,4.127082774923238,501,424,26,542,255,191,391,2,1,0.386,38.5971
ant_colony__d0p6__s12__20260615-092954-056414.json,20260615-092954-056414,ant_colony,12,0.6,128,500,500,3,2,5,2.0,1000.0,real,0.4,128.0,0,9,4.475128420365529,501,855,855,1935,1935,45,254,2,2,0.4192,38.8197
ant_colony__d0p6__s13__20260615-093122-440948.json,20260615-093122-440948,ant_colony,13,0.6,128,500,500,3,2,5,2.0,1000.0,real,0.2,59.0,0,405,1.4901739020862976,501,1736,1570,4170,4170,39,98,1,1,0.414,38.6779
ant_colony__d0p6__s14__20260615-093259-837654.json,20260615-093259-837654,ant_colony,14,0.6,128,500,500,3,2,5,2.0,1000.0,real,0.0,,0,0,2.0411003078334033,501,474,102,856,303,369,,1,0,0.404,38.5455
ant_colony__d0p6__s15__20260615-093459-281421.json,20260615-093459-281421,ant_colony,15,0.6,128,500,500,3,2,5,2.0,1000.0,real,0.2,321.0,0,0,6.626069580705462,501,1555,1553,2708,2708,150,471,1,1,0.3964,38.9066
ant_colony__d0p6__s16__20260615-093622-754882.json,20260615-093622-754882,ant_colony,16,0.6,128,500,500,3,2,5,2.0,1000.0,real,0.4,112.0,0,0,3.571309679764852,501,456,147,1103,574,20,113,2,2,0.406,38.2467
ant_colony__d0p6__s1__20260615-091243-708848.json,20260615-091243-708848,ant_colony,1,0.6,128,500,500,3,2,5,2.0,1000.0,real,0.0,,0,0,3.739604120142758,501,508,106,1098,703,216,,4,0,0.4088,38.3374
ant_colony__d0p6__s2__20260615-091447-506216.json,20260615-091447-506216,ant_colony,2,0.6,128,500,500,3,2,5,2.0,1000.0,real,0.2,231.0,0,0,3.8238673232957296,501,2068,1808,5205,5205,95,326,3,1,0.3904,38.2705
ant_colony__d0p6__s3__20260615-091624-032217.json,20260615-091624-032217,ant_colony,3,0.6,128,500,500,3,2,5,2.0,1000.0,real,0.6,237.33333333333334,0,42,7.762139331316575,501,2318,1873,6104,6098,31,238,5,3,0.3848,39.0946
ant_colony__d0p6__s4__20260615-091754-854892.json,20260615-091754-854892,ant_colony,4,0.6,128,500,500,3,2,5,2.0,1000.0,real,0.2,317.0,0,44,5.9505311739631,501,1891,1528,4816,4803,161,478,2,1,0.4072,38.8971
ant_colony__d0p6__s5__20260615-091928-618174.json,20260615-091928-618174,ant_colony,5,0.6,128,500,500,3,2,5,2.0,1000.0,real,0.4,85.5,0,0,2.5890359655045376,501,1957,1901,3885,3885,16,38,2,2,0.4052,39.0756
ant_colony__d0p6__s6__20260615-092043-422042.json,20260615-092043-422042,ant_colony,6,0.6,128,500,500,3,2,5,2.0,1000.0,real,0.4,101.5,0,12,3.5683501641704822,501,635,186,1436,1353,210,358,2,2,0.3996,39.2817
ant_colony__d0p6__s7__20260615-092149-090227.json,20260615-092149-090227,ant_colony,7,0.6,128,500,500,3,2,5,2.0,1000.0,real,0.2,74.0,0,0,2.072330904658884,501,449,150,947,742,396,491,2,1,0.3796,38.7226
ant_colony__d0p6__s8__20260615-092311-765198.json,20260615-092311-765198,ant_colony,8,0.6,128,500,500,3,2,5,2.0,1000.0,real,0.2,33.0,0,0,0.9087978978005538,501,454,333,848,835,225,258,1,1,0.4196,38.3931
ant_colony__d0p6__s9__20260615-092519-839555.json,20260615-092519-839555,ant_colony,9,0.6,128,500,500,3,2,5,2.0,1000.0,real,0.4,214.0,0,9,3.8680269677206525,501,900,898,2266,2266,231,448,2,2,0.4104,39.0048
ant_colony__d0p8__s0__20260615-093739-508359.json,20260615-093739-508359,ant_colony,0,0.8,128,500,500,3,2,5,2.0,1000.0,real,0.6,108.66666666666667,0,0,4.183563042067078,501,1901,1701,4415,4415,61,215,3,3,0.2032,38.7836
ant_colony__d0p8__s10__20260615-095447-137157.json,20260615-095447-137157,ant_colony,10,0.8,128,500,500,3,2,5,2.0,1000.0,real,0.4,172.0,0,0,6.62320848274976,501,480,16,696,83,113,238,3,2,0.1992,39.2164
ant_colony__d0p8__s11__20260615-095557-723295.json,20260615-095557-723295,ant_colony,11,0.8,128,500,500,3,2,5,2.0,1000.0,real,0.2,203.0,0,0,4.761707968719058,501,424,26,542,255,191,394,2,1,0.1992,38.5971
ant_colony__d0p8__s12__20260615-095715-402526.json,20260615-095715-402526,ant_colony,12,0.8,128,500,500,3,2,5,2.0,1000.0,real,0.2,210.0,0,12,4.169558153949511,501,855,855,1935,1935,45,255,2,1,0.218,38.5752
ant_colony__d0p8__s13__20260615-095822-348567.json,20260615-095822-348567,ant_colony,13,0.8,128,500,500,3,2,5,2.0,1000.0,real,0.4,47.5,0,364,2.0520010211533375,501,1736,1570,4170,4170,39,101,3,2,0.2024,38.4807
ant_colony__d0p8__s14__20260615-095940-362027.json,20260615-095940-362027,ant_colony,14,0.8,128,500,500,3,2,5,2.0,1000.0,real,0.4,113.0,0,0,4.732887810301129,501,474,102,856,303,152,242,3,2,0.1824,39.0673
ant_colony__d0p8__s15__20260615-100102-987642.json,20260615-100102-987642,ant_colony,15,0.8,128,500,500,3,2,5,2.0,1000.0,real,0.2,302.0,0,0,6.587139576738565,501,1555,1553,2708,2708,150,452,1,1,0.1892,38.9066
ant_colony__d0p8__s16__20260615-100220-939214.json,20260615-100220-939214,ant_colony,16,0.8,128,500,500,3,2,5,2.0,1000.0,real,0.4,108.0,0,0,3.5138731723559236,501,456,147,1103,574,20,110,2,2,0.2044,38.4203
ant_colony__d0p8__s1__20260615-094322-283526.json,20260615-094322-283526,ant_colony,1,0.8,128,500,500,3,2,5,2.0,1000.0,real,0.0,,0,0,3.7760163620114326,501,508,106,1098,703,216,,4,0,0.2008,38.3374
ant_colony__d0p8__s2__20260615-094446-255604.json,20260615-094446-255604,ant_colony,2,0.8,128,500,500,3,2,5,2.0,1000.0,real,0.2,232.0,0,0,3.7649565682245907,501,2068,1808,5205,5205,95,327,3,1,0.1888,38.2705
ant_colony__d0p8__s3__20260615-094609-562538.json,20260615-094609-562538,ant_colony,3,0.8,128,500,500,3,2,5,2.0,1000.0,real,0.6,241.0,0,36,8.022322002565488,501,2318,1873,6104,6098,31,240,4,3,0.1912,38.808
ant_colony__d0p8__s4__20260615-094733-618382.json,20260615-094733-618382,ant_colony,4,0.8,128,500,500,3,2,5,2.0,1000.0,real,0.2,300.0,0,36,6.133983239997178,501,1891,1528,4816,4803,161,461,3,1,0.2092,38.8327
ant_colony__d0p8__s5__20260615-094849-377155.json,20260615-094849-377155,ant_colony,5,0.8,128,500,500,3,2,5,2.0,1000.0,real,0.6,90.66666666666667,0,0,2.9399696855355337,501,1957,1901,3885,3885,16,50,3,3,0.1992,38.6261
ant_colony__d0p8__s6__20260615-094954-294915.json,20260615-094954-294915,ant_colony,6,0.8,128,500,500,3,2,5,2.0,1000.0,real,0.4,77.5,0,0,2.8548165228630378,501,635,186,1436,1353,144,177,2,2,0.1904,39.1343
ant_colony__d0p8__s7__20260615-095057-121093.json,20260615-095057-121093,ant_colony,7,0.8,128,500,500,3,2,5,2.0,1000.0,real,0.2,77.0,0,0,2.0457337321713567,501,449,150,947,742,396,494,2,1,0.1892,39.1611
ant_colony__d0p8__s8__20260615-095207-134390.json,20260615-095207-134390,ant_colony,8,0.8,128,500,500,3,2,5,2.0,1000.0,real,0.4,84.5,0,0,2.282980511260229,501,454,333,848,835,160,274,2,2,0.2072,38.1572
ant_colony__d0p8__s9__20260615-095328-922362.json,20260615-095328-922362,ant_colony,9,0.8,128,500,500,3,2,5,2.0,1000.0,real,0.4,206.5,0,3,3.751795800345917,501,900,898,2266,2266,231,441,2,2,0.1944,39.3806
highest_confidence__d0p0__s0__20260615-044331-515966.json,20260615-044331-515966,highest_confidence,0,0.0,128,500,500,3,2,5,2.0,1000.0,real,0.0,,0,123,7.383978134486824,501,1762,1719,4595,4595,189,,2,0,1.0,45.6345
highest_confidence__d0p0__s10__20260615-050148-752955.json,20260615-050148-752955,highest_confidence,10,0.0,128,500,500,3,2,5,2.0,1000.0,real,0.4,354.0,0,13,9.022429921198636,501,468,66,642,304,83,416,2,2,1.0,45.8515
highest_confidence__d0p0__s11__20260615-050857-649001.json,20260615-050857-649001,highest_confidence,11,0.0,128,500,500,3,2,5,2.0,1000.0,real,0.0,,0,237,6.9061796413734555,501,1929,1883,4396,4396,247,,1,0,1.0,45.6238
highest_confidence__d0p0__s12__20260615-051058-668367.json,20260615-051058-668367,highest_confidence,12,0.0,128,500,500,3,2,5,2.0,1000.0,real,0.0,,0,0,5.781698599457741,501,457,64,764,604,348,,1,0,1.0,45.6969
highest_confidence__d0p0__s13__20260615-051252-163182.json,20260615-051252-163182,highest_confidence,13,0.0,128,500,500,3,2,5,2.0,1000.0,real,0.2,111.0,0,0,6.840562725439668,501,441,145,853,686,296,442,2,1,1.0,45.7838
highest_confidence__d0p0__s14__20260615-051428-584990.json,20260615-051428-584990,highest_confidence,14,0.0,128,500,500,3,2,5,2.0,1000.0,real,0.4,54.0,0,20,7.525006922194734,501,1980,1402,5220,5220,255,341,2,2,1.0,45.8196
highest_confidence__d0p0__s15__20260615-051646-769988.json,20260615-051646-769988,highest_confidence,15,0.0,128,500,500,3,2,5,2.0,1000.0,real,0.2,119.0,0,254,7.504193904111162,501,1928,1767,5197,5197,199,480,3,1,1.0,45.6368
highest_confidence__d0p0__s16__20260615-051835-634487.json,20260615-051835-634487,highest_confidence,16,0.0,128,500,500,3,2,5,2.0,1000.0,real,0.2,129.0,0,55,6.261184131726623,501,1570,1569,3663,3663,326,455,1,1,1.0,45.6256
highest_confidence__d0p0__s1__20260615-044540-438704.json,20260615-044540-438704,highest_confidence,1,0.0,128,500,500,3,2,5,2.0,1000.0,real,0.0,,0,0,6.071820220910013,501,2083,1998,4850,4850,396,,1,0,1.0,45.7141
highest_confidence__d0p0__s2__20260615-044741-215084.json,20260615-044741-215084,highest_confidence,2,0.0,128,500,500,3,2,5,2.0,1000.0,real,0.0,,0,176,7.720529496786185,501,437,283,1303,1036,287,,1,0,1.0,45.7388
highest_confidence__d0p0__s3__20260615-044928-065341.json,20260615-044928-065341,highest_confidence,3,0.0,128,500,500,3,2,5,2.0,1000.0,real,0.4,250.0,0,0,7.679977998603135,501,434,290,927,927,32,294,3,2,1.0,45.7201
highest_confidence__d0p0__s4__20260615-045105-439405.json,20260615-045105-439405,highest_confidence,4,0.0,128,500,500,3,2,5,2.0,1000.0,real,0.4,103.5,0,0,6.946104236412793,501,436,141,832,725,52,83,3,2,1.0,45.6808
highest_confidence__d0p0__s5__20260615-045308-067413.json,20260615-045308-067413,highest_confidence,5,0.0,128,500,500,3,2,5,2.0,1000.0,real,0.8,110.75,0,0,6.988290051696822,501,1816,1406,4117,4104,55,128,4,4,1.0,45.7769
highest_confidence__d0p0__s6__20260615-045456-405828.json,20260615-045456-405828,highest_confidence,6,0.0,128,500,500,3,2,5,2.0,1000.0,real,0.2,328.0,0,18,9.786015965975821,501,457,113,1173,503,43,423,3,1,1.0,45.823
highest_confidence__d0p0__s7__20260615-045651-680290.json,20260615-045651-680290,highest_confidence,7,0.0,128,500,500,3,2,5,2.0,1000.0,real,0.2,130.0,0,8,6.408897844608873,501,1858,1858,3507,3507,158,288,2,1,1.0,45.7406
highest_confidence__d0p0__s8__20260615-045807-840625.json,20260615-045807-840625,highest_confidence,8,0.0,128,500,500,3,2,5,2.0,1000.0,real,0.2,145.0,0,0,8.14960805233568,501,2068,1500,4442,4442,4,149,3,1,1.0,45.6344
highest_confidence__d0p0__s9__20260615-045959-789629.json,20260615-045959-789629,highest_confidence,9,0.0,128,500,500,3,2,5,2.0,1000.0,real,0.0,,0,0,5.99331797612831,501,630,630,1924,1922,,,0,0,1.0,45.8398
highest_confidence__d0p2__s0__20260615-052023-253922.json,20260615-052023-253922,highest_confidence,0,0.2,128,500,500,3,2,5,2.0,1000.0,real,0.2,52.0,0,0,5.778196404920891,501,1815,1352,3949,3945,323,425,2,1,0.798,45.7791
highest_confidence__d0p2__s10__20260615-054131-610493.json,20260615-054131-610493,highest_confidence,10,0.2,128,500,500,3,2,5,2.0,1000.0,real,0.4,214.5,0,0,7.678672044479754,501,444,97,694,350,5,126,4,2,0.792,45.8293
highest_confidence__d0p2__s11__20260615-054327-334804.json,20260615-054327-334804,highest_confidence,11,0.2,128,500,500,3,2,5,2.0,1000.0,real,0.2,93.0,0,0,5.85847610165365,501,430,21,554,248,267,456,3,1,0.8024,45.7134
highest_confidence__d0p2__s12__20260615-054504-864594.json,20260615-054504-864594,highest_confidence,12,0.2,128,500,500,3,2,5,2.0,1000.0,real,0.2,212.0,0,40,7.724800580646843,501,1583,1583,3114,3114,173,385,3,1,0.8112,45.774
highest_confidence__d0p2__s13__20260615-054639-120344.json,20260615-054639-120344,highest_confidence,13,0.2,128,500,500,3,2,5,2.0,1000.0,real,0.2,271.0,0,170,7.293417489156127,501,2139,2077,5079,5079,19,290,1,1,0.798,45.684
highest_confidence__d0p2__s14__20260615-054830-809969.json,20260615-054830-809969,highest_confidence,14,0.2,128,500,500,3,2,5,2.0,1000.0,real,0.4,322.5,0,6,8.311551366001368,501,436,392,977,977,20,302,3,2,0.7968,45.6908
highest_confidence__d0p2__s15__20260615-055001-181847.json,20260615-055001-181847,highest_confidence,15,0.2,128,500,500,3,2,5,2.0,1000.0,real,0.4,209.5,0,0,7.259941582335159,501,1425,1425,2412,2412,17,357,2,2,0.8072,45.6889
highest_confidence__d0p2__s16__20260615-055213-848477.json,20260615-055213-848477,highest_confidence,16,0.2,128,500,500,3,2,5,2.0,1000.0,real,0.4,249.5,0,0,7.044390203664079,501,438,154,1032,592,56,300,2,2,0.8068,45.7598
highest_confidence__d0p2__s1__20260615-052615-103688.json,20260615-052615-103688,highest_confidence,1,0.2,128,500,500,3,2,5,2.0,1000.0,real,0.4,230.5,0,0,7.028230493655428,501,537,113,1112,739,122,443,4,2,0.8024,45.6415
highest_confidence__d0p2__s2__20260615-052803-264260.json,20260615-052803-264260,highest_confidence,2,0.2,128,500,500,3,2,5,2.0,1000.0,real,0.2,195.0,0,161,6.92425764456857,501,2084,1826,5240,5240,125,320,1,1,0.8032,45.6955
highest_confidence__d0p2__s3__20260615-052950-817197.json,20260615-052950-817197,highest_confidence,3,0.2,128,500,500,3,2,5,2.0,1000.0,real,0.4,227.0,0,78,8.388049694243819,501,1775,1641,4876,4876,14,222,3,2,0.804,45.6964
highest_confidence__d0p2__s4__20260615-053104-491551.json,20260615-053104-491551,highest_confidence,4,0.2,128,500,500,3,2,5,2.0,1000.0,real,0.2,38.0,0,0,5.098785788286477,501,1825,1766,4968,4968,119,157,1,1,0.8048,45.6436
highest_confidence__d0p2__s5__20260615-053312-978883.json,20260615-053312-978883,highest_confidence,5,0.2,128,500,500,3,2,5,2.0,1000.0,real,0.0,,0,17,5.848690607235767,501,2003,1801,4345,4345,338,,2,0,0.7964,45.6416
highest_confidence__d0p2__s6__20260615-053457-222389.json,20260615-053457-222389,highest_confidence,6,0.2,128,500,500,3,2,5,2.0,1000.0,real,0.6,205.66666666666666,0,0,7.822771563194692,501,632,164,1149,885,47,156,4,3,0.7924,45.8368
highest_confidence__d0p2__s7__20260615-053632-198008.json,20260615-053632-198008,highest_confidence,7,0.2,128,500,500,3,2,5,2.0,1000.0,real,0.2,349.0,0,0,7.375252598896623,501,484,91,834,567,9,398,2,1,0.7944,45.6843
highest_confidence__d0p2__s8__20260615-053803-288432.json,20260615-053803-288432,highest_confidence,8,0.2,128,500,500,3,2,5,2.0,1000.0,real,0.2,68.0,0,0,7.328154269373044,501,437,346,618,618,169,237,1,1,0.8072,45.6764
highest_confidence__d0p2__s9__20260615-053935-496246.json,20260615-053935-496246,highest_confidence,9,0.2,128,500,500,3,2,5,2.0,1000.0,real,0.2,314.0,0,0,6.945388566586189,501,510,267,1222,1048,152,466,1,1,0.7944,45.7805
highest_confidence__d0p4__s0__20260615-055401-296868.json,20260615-055401-296868,highest_confidence,0,0.4,128,500,500,3,2,5,2.0,1000.0,real,0.2,52.0,0,0,5.778196404920891,501,1815,1352,3949,3945,323,425,2,1,0.5964,45.7791
highest_confidence__d0p4__s10__20260615-061509-815599.json,20260615-061509-815599,highest_confidence,10,0.4,128,500,500,3,2,5,2.0,1000.0,real,0.4,214.5,0,0,7.678672044479754,501,444,97,694,350,5,126,4,2,0.5852,45.8293
highest_confidence__d0p4__s11__20260615-061705-258078.json,20260615-061705-258078,highest_confidence,11,0.4,128,500,500,3,2,5,2.0,1000.0,real,0.2,93.0,0,0,5.85847610165365,501,430,21,554,248,267,456,3,1,0.5964,45.7134
highest_confidence__d0p4__s12__20260615-061843-705804.json,20260615-061843-705804,highest_confidence,12,0.4,128,500,500,3,2,5,2.0,1000.0,real,0.2,212.0,0,40,7.724800580646843,501,1583,1583,3114,3114,173,385,3,1,0.606,45.774
highest_confidence__d0p4__s13__20260615-062016-753055.json,20260615-062016-753055,highest_confidence,13,0.4,128,500,500,3,2,5,2.0,1000.0,real,0.2,271.0,0,170,7.293417489156127,501,2139,2077,5079,5079,19,290,1,1,0.5972,45.684
highest_confidence__d0p4__s14__20260615-062204-490118.json,20260615-062204-490118,highest_confidence,14,0.4,128,500,500,3,2,5,2.0,1000.0,real,0.4,322.5,0,6,8.311551366001368,501,436,392,977,977,20,302,3,2,0.5924,45.6908
highest_confidence__d0p4__s15__20260615-062333-338377.json,20260615-062333-338377,highest_confidence,15,0.4,128,500,500,3,2,5,2.0,1000.0,real,0.4,209.5,0,0,7.259941582335159,501,1425,1425,2412,2412,17,357,2,2,0.6116,45.6889
highest_confidence__d0p4__s16__20260615-062542-496307.json,20260615-062542-496307,highest_confidence,16,0.4,128,500,500,3,2,5,2.0,1000.0,real,0.4,249.5,0,0,7.044390203664079,501,438,154,1032,592,56,300,2,2,0.62,45.7598
highest_confidence__d0p4__s1__20260615-055950-529913.json,20260615-055950-529913,highest_confidence,1,0.4,128,500,500,3,2,5,2.0,1000.0,real,0.4,230.5,0,0,7.028230493655428,501,537,113,1112,739,122,443,4,2,0.6116,45.6415
highest_confidence__d0p4__s2__20260615-060137-866650.json,20260615-060137-866650,highest_confidence,2,0.4,128,500,500,3,2,5,2.0,1000.0,real,0.2,195.0,0,161,6.92425764456857,501,2084,1826,5240,5240,125,320,1,1,0.606,45.6955
highest_confidence__d0p4__s3__20260615-060326-320947.json,20260615-060326-320947,highest_confidence,3,0.4,128,500,500,3,2,5,2.0,1000.0,real,0.4,227.0,0,78,8.388049694243819,501,1775,1641,4876,4876,14,222,3,2,0.602,45.6964
highest_confidence__d0p4__s4__20260615-060440-539005.json,20260615-060440-539005,highest_confidence,4,0.4,128,500,500,3,2,5,2.0,1000.0,real,0.2,38.0,0,0,5.098785788286477,501,1825,1766,4968,4968,119,157,1,1,0.6076,45.6436
highest_confidence__d0p4__s5__20260615-060649-755390.json,20260615-060649-755390,highest_confidence,5,0.4,128,500,500,3,2,5,2.0,1000.0,real,0.0,,0,17,5.848690607235767,501,2003,1801,4345,4345,338,,2,0,0.5912,45.6416
highest_confidence__d0p4__s6__20260615-060837-390996.json,20260615-060837-390996,highest_confidence,6,0.4,128,500,500,3,2,5,2.0,1000.0,real,0.6,205.66666666666666,0,0,7.822771563194692,501,632,164,1149,885,47,156,4,3,0.5904,45.8368
highest_confidence__d0p4__s7__20260615-061011-653375.json,20260615-061011-653375,highest_confidence,7,0.4,128,500,500,3,2,5,2.0,1000.0,real,0.2,349.0,0,0,7.375252598896623,501,484,91,834,567,9,398,2,1,0.6056,45.6843
highest_confidence__d0p4__s8__20260615-061140-406672.json,20260615-061140-406672,highest_confidence,8,0.4,128,500,500,3,2,5,2.0,1000.0,real,0.2,68.0,0,0,7.328154269373044,501,437,346,618,618,169,237,1,1,0.6056,45.6764
highest_confidence__d0p4__s9__20260615-061314-381123.json,20260615-061314-381123,highest_confidence,9,0.4,128,500,500,3,2,5,2.0,1000.0,real,0.2,314.0,0,0,6.945388566586189,501,510,267,1222,1048,152,466,1,1,0.5832,45.7805
highest_confidence__d0p6__s0__20260615-062727-820995.json,20260615-062727-820995,highest_confidence,0,0.6,128,500,500,3,2,5,2.0,1000.0,real,0.2,52.0,0,0,5.778196404920891,501,1815,1352,3949,3945,323,425,2,1,0.3988,45.7791
highest_confidence__d0p6__s10__20260615-064825-819292.json,20260615-064825-819292,highest_confidence,10,0.6,128,500,500,3,2,5,2.0,1000.0,real,0.4,214.5,0,0,7.678672044479754,501,444,97,694,350,5,126,4,2,0.392,45.8293
highest_confidence__d0p6__s11__20260615-065020-902153.json,20260615-065020-902153,highest_confidence,11,0.6,128,500,500,3,2,5,2.0,1000.0,real,0.2,93.0,0,0,5.85847610165365,501,430,21,554,248,267,456,3,1,0.3948,45.7134
highest_confidence__d0p6__s12__20260615-065159-467448.json,20260615-065159-467448,highest_confidence,12,0.6,128,500,500,3,2,5,2.0,1000.0,real,0.2,212.0,0,40,7.724800580646843,501,1583,1583,3114,3114,173,385,3,1,0.4068,45.774
highest_confidence__d0p6__s13__20260615-065333-014817.json,20260615-065333-014817,highest_confidence,13,0.6,128,500,500,3,2,5,2.0,1000.0,real,0.2,271.0,0,170,7.293417489156127,501,2139,2077,5079,5079,19,290,1,1,0.3924,45.684
highest_confidence__d0p6__s14__20260615-065521-547959.json,20260615-065521-547959,highest_confidence,14,0.6,128,500,500,3,2,5,2.0,1000.0,real,0.4,322.5,0,6,8.311551366001368,501,436,392,977,977,20,302,3,2,0.392,45.6908
highest_confidence__d0p6__s15__20260615-065650-876063.json,20260615-065650-876063,highest_confidence,15,0.6,128,500,500,3,2,5,2.0,1000.0,real,0.4,209.5,0,0,7.259941582335159,501,1425,1425,2412,2412,17,357,2,2,0.418,45.6889
highest_confidence__d0p6__s16__20260615-065901-377550.json,20260615-065901-377550,highest_confidence,16,0.6,128,500,500,3,2,5,2.0,1000.0,real,0.4,249.5,0,0,7.044390203664079,501,438,154,1032,592,56,300,2,2,0.4192,45.7598
highest_confidence__d0p6__s1__20260615-063314-852084.json,20260615-063314-852084,highest_confidence,1,0.6,128,500,500,3,2,5,2.0,1000.0,real,0.4,230.5,0,0,7.028230493655428,501,537,113,1112,739,122,443,4,2,0.4128,45.6415
highest_confidence__d0p6__s2__20260615-063500-320727.json,20260615-063500-320727,highest_confidence,2,0.6,128,500,500,3,2,5,2.0,1000.0,real,0.2,195.0,0,161,6.92425764456857,501,2084,1826,5240,5240,125,320,1,1,0.416,45.6955
highest_confidence__d0p6__s3__20260615-063646-493122.json,20260615-063646-493122,highest_confidence,3,0.6,128,500,500,3,2,5,2.0,1000.0,real,0.4,227.0,0,78,8.388049694243819,501,1775,1641,4876,4876,14,222,3,2,0.4116,45.6964
highest_confidence__d0p6__s4__20260615-063800-131295.json,20260615-063800-131295,highest_confidence,4,0.6,128,500,500,3,2,5,2.0,1000.0,real,0.2,38.0,0,0,5.098785788286477,501,1825,1766,4968,4968,119,157,1,1,0.404,45.6436
highest_confidence__d0p6__s5__20260615-064006-006709.json,20260615-064006-006709,highest_confidence,5,0.6,128,500,500,3,2,5,2.0,1000.0,real,0.0,,0,17,5.848690607235767,501,2003,1801,4345,4345,338,,2,0,0.3944,45.6416
highest_confidence__d0p6__s6__20260615-064151-615334.json,20260615-064151-615334,highest_confidence,6,0.6,128,500,500,3,2,5,2.0,1000.0,real,0.6,205.66666666666666,0,0,7.822771563194692,501,632,164,1149,885,47,156,4,3,0.3996,45.8368
highest_confidence__d0p6__s7__20260615-064328-391245.json,20260615-064328-391245,highest_confidence,7,0.6,128,500,500,3,2,5,2.0,1000.0,real,0.2,349.0,0,0,7.375252598896623,501,484,91,834,567,9,398,2,1,0.4052,45.6843
highest_confidence__d0p6__s8__20260615-064456-558929.json,20260615-064456-558929,highest_confidence,8,0.6,128,500,500,3,2,5,2.0,1000.0,real,0.2,68.0,0,0,7.328154269373044,501,437,346,618,618,169,237,1,1,0.3932,45.6764
highest_confidence__d0p6__s9__20260615-064630-358283.json,20260615-064630-358283,highest_confidence,9,0.6,128,500,500,3,2,5,2.0,1000.0,real,0.2,314.0,0,0,6.945388566586189,501,510,267,1222,1048,152,466,1,1,0.3904,45.7805
highest_confidence__d0p8__s0__20260615-070047-483905.json,20260615-070047-483905,highest_confidence,0,0.8,128,500,500,3,2,5,2.0,1000.0,real,0.2,52.0,0,0,5.778196404920891,501,1815,1352,3949,3945,323,425,2,1,0.2068,45.7791
highest_confidence__d0p8__s10__20260615-072155-597053.json,20260615-072155-597053,highest_confidence,10,0.8,128,500,500,3,2,5,2.0,1000.0,real,0.4,214.5,0,0,7.678672044479754,501,444,97,694,350,5,126,4,2,0.1868,45.8293
highest_confidence__d0p8__s11__20260615-072350-469855.json,20260615-072350-469855,highest_confidence,11,0.8,128,500,500,3,2,5,2.0,1000.0,real,0.2,93.0,0,0,5.85847610165365,501,430,21,554,248,267,456,3,1,0.192,45.7134
highest_confidence__d0p8__s12__20260615-072527-351814.json,20260615-072527-351814,highest_confidence,12,0.8,128,500,500,3,2,5,2.0,1000.0,real,0.2,212.0,0,40,7.724800580646843,501,1583,1583,3114,3114,173,385,3,1,0.2104,45.774
highest_confidence__d0p8__s13__20260615-072701-429627.json,20260615-072701-429627,highest_confidence,13,0.8,128,500,500,3,2,5,2.0,1000.0,real,0.2,271.0,0,170,7.293417489156127,501,2139,2077,5079,5079,19,290,1,1,0.1936,45.684
highest_confidence__d0p8__s14__20260615-072849-260810.json,20260615-072849-260810,highest_confidence,14,0.8,128,500,500,3,2,5,2.0,1000.0,real,0.4,322.5,0,6,8.311551366001368,501,436,392,977,977,20,302,3,2,0.1952,45.6908
highest_confidence__d0p8__s15__20260615-073018-845347.json,20260615-073018-845347,highest_confidence,15,0.8,128,500,500,3,2,5,2.0,1000.0,real,0.4,209.5,0,0,7.259941582335159,501,1425,1425,2412,2412,17,357,2,2,0.2152,45.6889
highest_confidence__d0p8__s16__20260615-073228-415015.json,20260615-073228-415015,highest_confidence,16,0.8,128,500,500,3,2,5,2.0,1000.0,real,0.4,249.5,0,0,7.044390203664079,501,438,154,1032,592,56,300,2,2,0.2168,45.7598
highest_confidence__d0p8__s1__20260615-070636-045533.json,20260615-070636-045533,highest_confidence,1,0.8,128,500,500,3,2,5,2.0,1000.0,real,0.4,230.5,0,0,7.028230493655428,501,537,113,1112,739,122,443,4,2,0.2172,45.6415
highest_confidence__d0p8__s2__20260615-070823-065337.json,20260615-070823-065337,highest_confidence,2,0.8,128,500,500,3,2,5,2.0,1000.0,real,0.2,195.0,0,161,6.92425764456857,501,2084,1826,5240,5240,125,320,1,1,0.2152,45.6955
highest_confidence__d0p8__s3__20260615-071012-639295.json,20260615-071012-639295,highest_confidence,3,0.8,128,500,500,3,2,5,2.0,1000.0,real,0.4,227.0,0,78,8.388049694243819,501,1775,1641,4876,4876,14,222,3,2,0.2088,45.6964
highest_confidence__d0p8__s4__20260615-071126-274331.json,20260615-071126-274331,highest_confidence,4,0.8,128,500,500,3,2,5,2.0,1000.0,real,0.2,38.0,0,0,5.098785788286477,501,1825,1766,4968,4968,119,157,1,1,0.2068,45.6436
highest_confidence__d0p8__s5__20260615-071332-584868.json,20260615-071332-584868,highest_confidence,5,0.8,128,500,500,3,2,5,2.0,1000.0,real,0.0,,0,17,5.848690607235767,501,2003,1801,4345,4345,338,,2,0,0.2128,45.6416
highest_confidence__d0p8__s6__20260615-071519-001100.json,20260615-071519-001100,highest_confidence,6,0.8,128,500,500,3,2,5,2.0,1000.0,real,0.6,205.66666666666666,0,0,7.822771563194692,501,632,164,1149,885,47,156,4,3,0.2,45.8368
highest_confidence__d0p8__s7__20260615-071654-930540.json,20260615-071654-930540,highest_confidence,7,0.8,128,500,500,3,2,5,2.0,1000.0,real,0.2,349.0,0,0,7.375252598896623,501,484,91,834,567,9,398,2,1,0.1956,45.6843
highest_confidence__d0p8__s8__20260615-071824-608445.json,20260615-071824-608445,highest_confidence,8,0.8,128,500,500,3,2,5,2.0,1000.0,real,0.2,68.0,0,0,7.328154269373044,501,437,346,618,618,169,237,1,1,0.186,45.6764
highest_confidence__d0p8__s9__20260615-071956-107376.json,20260615-071956-107376,highest_confidence,9,0.8,128,500,500,3,2,5,2.0,1000.0,real,0.2,314.0,0,0,6.945388566586189,501,510,267,1222,1048,152,466,1,1,0.1888,45.7805
lawnmower__d0p0__s0__20260615-010309-057878.json,20260615-010309-057878,lawnmower,0,0.0,128,500,500,3,2,5,2.0,1000.0,real,0.0,,0,36,0.0,501,1934,1792,4905,4905,,,0,0,1.0,45.6345
lawnmower__d0p0__s10__20260615-011539-880050.json,20260615-011539-880050,lawnmower,10,0.0,128,500,500,3,2,5,2.0,1000.0,real,0.6,158.0,0,0,4.345775244107287,501,453,16,610,104,83,189,3,3,1.0,45.8515
lawnmower__d0p0__s11__20260615-011659-562235.json,20260615-011659-562235,lawnmower,11,0.0,128,500,500,3,2,5,2.0,1000.0,real,0.2,118.0,0,172,1.3197879618292205,501,1733,1690,3690,3690,247,365,1,1,1.0,45.6238
lawnmower__d0p0__s12__20260615-011820-484631.json,20260615-011820-484631,lawnmower,12,0.0,128,500,500,3,2,5,2.0,1000.0,real,0.2,283.0,0,4,3.758506468973792,501,488,70,827,621,19,302,2,1,1.0,45.6969
lawnmower__d0p0__s13__20260615-011924-519635.json,20260615-011924-519635,lawnmower,13,0.0,128,500,500,3,2,5,2.0,1000.0,real,0.2,81.0,0,0,2.4991022618487477,501,443,54,908,489,296,412,2,1,1.0,45.7838
lawnmower__d0p0__s14__20260615-012037-897322.json,20260615-012037-897322,lawnmower,14,0.0,128,500,500,3,2,5,2.0,1000.0,real,0.4,65.5,0,0,1.184435762891873,501,2134,1275,4783,4783,333,415,2,2,1.0,45.8196
lawnmower__d0p0__s15__20260615-012204-078054.json,20260615-012204-078054,lawnmower,15,0.0,128,500,500,3,2,5,2.0,1000.0,real,0.0,,0,279,4.098930683452636,501,2201,1697,5481,5469,198,,2,0,1.0,45.6368
lawnmower__d0p0__s16__20260615-012313-130317.json,20260615-012313-130317,lawnmower,16,0.0,128,500,500,3,2,5,2.0,1000.0,real,0.2,148.0,0,47,1.2935211714589059,501,486,111,946,625,326,474,1,1,1.0,45.6256
lawnmower__d0p0__s1__20260615-010436-282039.json,20260615-010436-282039,lawnmower,1,0.0,128,500,500,3,2,5,2.0,1000.0,real,0.2,204.0,0,15,4.738925233948976,501,1897,1878,4699,4699,180,384,3,1,1.0,45.7141
lawnmower__d0p0__s2__20260615-010545-921108.json,20260615-010545-921108,lawnmower,2,0.0,128,500,500,3,2,5,2.0,1000.0,real,0.4,183.5,0,181,3.564604162902981,501,451,367,1135,1024,205,414,3,2,1.0,45.7388
lawnmower__d0p0__s3__20260615-010656-082611.json,20260615-010656-082611,lawnmower,3,0.0,128,500,500,3,2,5,2.0,1000.0,real,0.2,115.0,0,0,3.5560838654637337,501,443,127,811,559,292,412,3,1,1.0,45.7201
lawnmower__d0p0__s4__20260615-010807-116274.json,20260615-010807-116274,lawnmower,4,0.0,128,500,500,3,2,5,2.0,1000.0,real,0.4,102.0,0,0,4.474335620385617,501,439,105,847,512,51,79,3,2,1.0,45.6808
lawnmower__d0p0__s5__20260615-010928-122370.json,20260615-010928-122370,lawnmower,5,0.0,128,500,500,3,2,5,2.0,1000.0,real,0.8,219.5,0,11,7.111965564850834,501,1983,1472,4387,4387,55,135,4,4,1.0,45.7769
lawnmower__d0p0__s6__20260615-011046-846315.json,20260615-011046-846315,lawnmower,6,0.0,128,500,500,3,2,5,2.0,1000.0,real,0.2,258.0,0,45,5.681974471081048,501,447,146,1126,564,95,353,2,1,1.0,45.823
lawnmower__d0p0__s7__20260615-011207-914000.json,20260615-011207-914000,lawnmower,7,0.0,128,500,500,3,2,5,2.0,1000.0,real,0.2,144.0,0,27,3.698093909304589,501,1963,1942,4167,4167,158,302,2,1,1.0,45.7406
lawnmower__d0p0__s8__20260615-011303-220633.json,20260615-011303-220633,lawnmower,8,0.0,128,500,500,3,2,5,2.0,1000.0,real,0.2,148.0,0,0,2.5111037048760707,501,1897,1448,3785,3785,3,151,2,1,1.0,45.6344
lawnmower__d0p0__s9__20260615-011416-222315.json,20260615-011416-222315,lawnmower,9,0.0,128,500,500,3,2,5,2.0,1000.0,real,0.0,,0,0,0.0,501,590,219,1400,1080,,,0,0,1.0,45.8398
lawnmower__d0p2__s0__20260615-012421-579212.json,20260615-012421-579212,lawnmower,0,0.2,128,500,500,3,2,5,2.0,1000.0,real,0.2,74.0,0,0,2.110869739204645,501,1901,1701,4415,4415,324,447,2,1,0.7972,45.7791
lawnmower__d0p2__s10__20260615-013941-649431.json,20260615-013941-649431,lawnmower,10,0.2,128,500,500,3,2,5,2.0,1000.0,real,0.6,150.0,0,0,4.655957520035656,501,480,16,696,83,5,126,4,3,0.8092,45.8293
lawnmower__d0p2__s11__20260615-014054-005683.json,20260615-014054-005683,lawnmower,11,0.2,128,500,500,3,2,5,2.0,1000.0,real,0.2,58.0,0,0,3.322860832326114,501,424,26,542,255,267,421,3,1,0.7924,45.7134
lawnmower__d0p2__s12__20260615-014152-279159.json,20260615-014152-279159,lawnmower,12,0.2,128,500,500,3,2,5,2.0,1000.0,real,0.6,127.0,0,19,3.3120755226998213,501,855,855,1935,1935,174,340,4,3,0.8128,45.774
lawnmower__d0p2__s13__20260615-014256-184335.json,20260615-014256-184335,lawnmower,13,0.2,128,500,500,3,2,5,2.0,1000.0,real,0.4,221.5,0,110,4.666247809971438,501,1736,1570,4170,4170,19,273,2,2,0.7996,45.684
lawnmower__d0p2__s14__20260615-014406-652929.json,20260615-014406-652929,lawnmower,14,0.2,128,500,500,3,2,5,2.0,1000.0,real,0.4,280.5,0,10,5.4633392916293815,501,474,102,856,303,20,222,3,2,0.7952,45.6908
lawnmower__d0p2__s15__20260615-014510-340028.json,20260615-014510-340028,lawnmower,15,0.2,128,500,500,3,2,5,2.0,1000.0,real,0.4,232.5,0,21,4.485731301936369,501,1555,1553,2708,2708,17,356,2,2,0.7916,45.6889
lawnmower__d0p2__s16__20260615-014628-486528.json,20260615-014628-486528,lawnmower,16,0.2,128,500,500,3,2,5,2.0,1000.0,real,0.4,244.0,0,0,4.111525354678818,501,456,147,1103,574,56,299,2,2,0.804,45.7598
lawnmower__d0p2__s1__20260615-012911-336943.json,20260615-012911-336943,lawnmower,1,0.2,128,500,500,3,2,5,2.0,1000.0,real,0.4,233.0,0,0,4.341806582524441,501,508,106,1098,703,121,445,3,2,0.816,45.6415
lawnmower__d0p2__s2__20260615-013026-979062.json,20260615-013026-979062,lawnmower,2,0.2,128,500,500,3,2,5,2.0,1000.0,real,0.2,186.0,0,69,3.6672716857865453,501,2068,1808,5205,5205,125,311,2,1,0.8028,45.6955
lawnmower__d0p2__s3__20260615-013147-651907.json,20260615-013147-651907,lawnmower,3,0.2,128,500,500,3,2,5,2.0,1000.0,real,0.2,293.0,0,52,5.462113000685349,501,2318,1873,6104,6098,17,310,2,1,0.7888,45.6964
lawnmower__d0p2__s4__20260615-013303-017503.json,20260615-013303-017503,lawnmower,4,0.2,128,500,500,3,2,5,2.0,1000.0,real,0.2,48.0,0,0,0.412239907525084,501,1891,1528,4816,4803,120,168,1,1,0.8048,45.6436
lawnmower__d0p2__s5__20260615-013437-610256.json,20260615-013437-610256,lawnmower,5,0.2,128,500,500,3,2,5,2.0,1000.0,real,0.2,243.0,0,0,2.5165257486514747,501,1957,1901,3885,3885,252,495,2,1,0.798,45.6416
lawnmower__d0p2__s6__20260615-013540-110507.json,20260615-013540-110507,lawnmower,6,0.2,128,500,500,3,2,5,2.0,1000.0,real,0.4,161.5,0,0,5.313401289284229,501,635,186,1436,1353,47,186,4,2,0.8088,45.8368
lawnmower__d0p2__s7__20260615-013633-930581.json,20260615-013633-930581,lawnmower,7,0.2,128,500,500,3,2,5,2.0,1000.0,real,0.6,125.0,0,0,4.215621841670497,501,449,150,947,742,9,119,4,3,0.7832,45.6843
lawnmower__d0p2__s8__20260615-013727-429040.json,20260615-013727-429040,lawnmower,8,0.2,128,500,500,3,2,5,2.0,1000.0,real,0.2,68.0,0,0,0.43818615286662066,501,454,333,848,835,241,309,1,1,0.7944,45.6764
lawnmower__d0p2__s9__20260615-013833-265576.json,20260615-013833-265576,lawnmower,9,0.2,128,500,500,3,2,5,2.0,1000.0,real,0.0,,0,0,0.0,501,900,898,2266,2266,,,0,0,0.8152,45.7805
lawnmower__d0p4__s0__20260615-014736-619312.json,20260615-014736-619312,lawnmower,0,0.4,128,500,500,3,2,5,2.0,1000.0,real,0.2,74.0,0,0,2.110869739204645,501,1901,1701,4415,4415,324,447,2,1,0.5976,45.7791
lawnmower__d0p4__s10__20260615-020215-113791.json,20260615-020215-113791,lawnmower,10,0.4,128,500,500,3,2,5,2.0,1000.0,real,0.6,150.0,0,0,4.655957520035656,501,480,16,696,83,5,126,4,3,0.602,45.8293
lawnmower__d0p4__s11__20260615-020331-467005.json,20260615-020331-467005,lawnmower,11,0.4,128,500,500,3,2,5,2.0,1000.0,real,0.2,58.0,0,0,3.322860832326114,501,424,26,542,255,267,421,3,1,0.5892,45.7134
lawnmower__d0p4__s12__20260615-020432-631006.json,20260615-020432-631006,lawnmower,12,0.4,128,500,500,3,2,5,2.0,1000.0,real,0.6,127.0,0,19,3.3120755226998213,501,855,855,1935,1935,174,340,4,3,0.6088,45.774
lawnmower__d0p4__s13__20260615-020536-754127.json,20260615-020536-754127,lawnmower,13,0.4,128,500,500,3,2,5,2.0,1000.0,real,0.4,221.5,0,110,4.666247809971438,501,1736,1570,4170,4170,19,273,2,2,0.612,45.684
lawnmower__d0p4__s14__20260615-020645-830926.json,20260615-020645-830926,lawnmower,14,0.4,128,500,500,3,2,5,2.0,1000.0,real,0.4,280.5,0,10,5.4633392916293815,501,474,102,856,303,20,222,3,2,0.6136,45.6908
lawnmower__d0p4__s15__20260615-020749-777951.json,20260615-020749-777951,lawnmower,15,0.4,128,500,500,3,2,5,2.0,1000.0,real,0.4,232.5,0,21,4.485731301936369,501,1555,1553,2708,2708,17,356,2,2,0.5936,45.6889
lawnmower__d0p4__s16__20260615-020905-782045.json,20260615-020905-782045,lawnmower,16,0.4,128,500,500,3,2,5,2.0,1000.0,real,0.4,244.0,0,0,4.111525354678818,501,456,147,1103,574,56,299,2,2,0.6056,45.7598
lawnmower__d0p4__s1__20260615-015214-213259.json,20260615-015214-213259,lawnmower,1,0.4,128,500,500,3,2,5,2.0,1000.0,real,0.4,233.0,0,0,4.341806582524441,501,508,106,1098,703,121,445,3,2,0.6056,45.6415
lawnmower__d0p4__s2__20260615-015327-809438.json,20260615-015327-809438,lawnmower,2,0.4,128,500,500,3,2,5,2.0,1000.0,real,0.2,186.0,0,69,3.6672716857865453,501,2068,1808,5205,5205,125,311,2,1,0.602,45.6955
lawnmower__d0p4__s3__20260615-015445-780913.json,20260615-015445-780913,lawnmower,3,0.4,128,500,500,3,2,5,2.0,1000.0,real,0.2,293.0,0,52,5.462113000685349,501,2318,1873,6104,6098,17,310,2,1,0.5868,45.6964
lawnmower__d0p4__s4__20260615-015551-795900.json,20260615-015551-795900,lawnmower,4,0.4,128,500,500,3,2,5,2.0,1000.0,real,0.2,48.0,0,0,0.412239907525084,501,1891,1528,4816,4803,120,168,1,1,0.5952,45.6436
lawnmower__d0p4__s5__20260615-015709-778118.json,20260615-015709-778118,lawnmower,5,0.4,128,500,500,3,2,5,2.0,1000.0,real,0.2,243.0,0,0,2.5165257486514747,501,1957,1901,3885,3885,252,495,2,1,0.6012,45.6416
lawnmower__d0p4__s6__20260615-015811-547836.json,20260615-015811-547836,lawnmower,6,0.4,128,500,500,3,2,5,2.0,1000.0,real,0.4,161.5,0,0,5.313401289284229,501,635,186,1436,1353,47,186,4,2,0.6072,45.8368
lawnmower__d0p4__s7__20260615-015909-830042.json,20260615-015909-830042,lawnmower,7,0.4,128,500,500,3,2,5,2.0,1000.0,real,0.6,125.0,0,0,4.215621841670497,501,449,150,947,742,9,119,4,3,0.5812,45.6843
lawnmower__d0p4__s8__20260615-020001-390163.json,20260615-020001-390163,lawnmower,8,0.4,128,500,500,3,2,5,2.0,1000.0,real,0.2,68.0,0,0,0.43818615286662066,501,454,333,848,835,241,309,1,1,0.6072,45.6764
lawnmower__d0p4__s9__20260615-020114-895544.json,20260615-020114-895544,lawnmower,9,0.4,128,500,500,3,2,5,2.0,1000.0,real,0.0,,0,0,0.0,501,900,898,2266,2266,,,0,0,0.6048,45.7805
lawnmower__d0p6__s0__20260615-021013-796133.json,20260615-021013-796133,lawnmower,0,0.6,128,500,500,3,2,5,2.0,1000.0,real,0.2,74.0,0,0,2.110869739204645,501,1901,1701,4415,4415,324,447,2,1,0.3888,45.7791
lawnmower__d0p6__s10__20260615-022645-920995.json,20260615-022645-920995,lawnmower,10,0.6,128,500,500,3,2,5,2.0,1000.0,real,0.6,150.0,0,0,4.655957520035656,501,480,16,696,83,5,126,4,3,0.3952,45.8293
lawnmower__d0p6__s11__20260615-022809-589649.json,20260615-022809-589649,lawnmower,11,0.6,128,500,500,3,2,5,2.0,1000.0,real,0.2,58.0,0,0,3.322860832326114,501,424,26,542,255,267,421,3,1,0.386,45.7134
lawnmower__d0p6__s12__20260615-022909-724650.json,20260615-022909-724650,lawnmower,12,0.6,128,500,500,3,2,5,2.0,1000.0,real,0.6,127.0,0,19,3.3120755226998213,501,855,855,1935,1935,174,340,4,3,0.4192,45.774
lawnmower__d0p6__s13__20260615-023016-447951.json,20260615-023016-447951,lawnmower,13,0.6,128,500,500,3,2,5,2.0,1000.0,real,0.4,221.5,0,110,4.666247809971438,501,1736,1570,4170,4170,19,273,2,2,0.414,45.684
lawnmower__d0p6__s14__20260615-023131-246221.json,20260615-023131-246221,lawnmower,14,0.6,128,500,500,3,2,5,2.0,1000.0,real,0.4,280.5,0,10,5.4633392916293815,501,474,102,856,303,20,222,3,2,0.404,45.6908
lawnmower__d0p6__s15__20260615-023238-216331.json,20260615-023238-216331,lawnmower,15,0.6,128,500,500,3,2,5,2.0,1000.0,real,0.4,232.5,0,21,4.485731301936369,501,1555,1553,2708,2708,17,356,2,2,0.3964,45.6889
lawnmower__d0p6__s16__20260615-023358-449817.json,20260615-023358-449817,lawnmower,16,0.6,128,500,500,3,2,5,2.0,1000.0,real,0.4,244.0,0,0,4.111525354678818,501,456,147,1103,574,56,299,2,2,0.406,45.7598
lawnmower__d0p6__s1__20260615-021503-245130.json,20260615-021503-245130,lawnmower,1,0.6,128,500,500,3,2,5,2.0,1000.0,real,0.4,233.0,0,0,4.341806582524441,501,508,106,1098,703,121,445,3,2,0.4088,45.6415
lawnmower__d0p6__s2__20260615-021631-385035.json,20260615-021631-385035,lawnmower,2,0.6,128,500,500,3,2,5,2.0,1000.0,real,0.2,186.0,0,69,3.6672716857865453,501,2068,1808,5205,5205,125,311,2,1,0.3904,45.6955
lawnmower__d0p6__s3__20260615-021804-859017.json,20260615-021804-859017,lawnmower,3,0.6,128,500,500,3,2,5,2.0,1000.0,real,0.2,293.0,0,52,5.462113000685349,501,2318,1873,6104,6098,17,310,2,1,0.3848,45.6964
lawnmower__d0p6__s4__20260615-021925-310188.json,20260615-021925-310188,lawnmower,4,0.6,128,500,500,3,2,5,2.0,1000.0,real,0.2,48.0,0,0,0.412239907525084,501,1891,1528,4816,4803,120,168,1,1,0.4072,45.6436
lawnmower__d0p6__s5__20260615-022101-469036.json,20260615-022101-469036,lawnmower,5,0.6,128,500,500,3,2,5,2.0,1000.0,real,0.2,243.0,0,0,2.5165257486514747,501,1957,1901,3885,3885,252,495,2,1,0.4052,45.6416
lawnmower__d0p6__s6__20260615-022220-031906.json,20260615-022220-031906,lawnmower,6,0.6,128,500,500,3,2,5,2.0,1000.0,real,0.4,161.5,0,0,5.313401289284229,501,635,186,1436,1353,47,186,4,2,0.3996,45.8368
lawnmower__d0p6__s7__20260615-022323-906975.json,20260615-022323-906975,lawnmower,7,0.6,128,500,500,3,2,5,2.0,1000.0,real,0.6,125.0,0,0,4.215621841670497,501,449,150,947,742,9,119,4,3,0.3796,45.6843
lawnmower__d0p6__s8__20260615-022426-034553.json,20260615-022426-034553,lawnmower,8,0.6,128,500,500,3,2,5,2.0,1000.0,real,0.2,68.0,0,0,0.43818615286662066,501,454,333,848,835,241,309,1,1,0.4196,45.6764
lawnmower__d0p6__s9__20260615-022541-986967.json,20260615-022541-986967,lawnmower,9,0.6,128,500,500,3,2,5,2.0,1000.0,real,0.0,,0,0,0.0,501,900,898,2266,2266,,,0,0,0.4104,45.7805
lawnmower__d0p8__s0__20260615-023506-516322.json,20260615-023506-516322,lawnmower,0,0.8,128,500,500,3,2,5,2.0,1000.0,real,0.2,74.0,0,0,2.110869739204645,501,1901,1701,4415,4415,324,447,2,1,0.2032,45.7791
lawnmower__d0p8__s10__20260615-025008-145756.json,20260615-025008-145756,lawnmower,10,0.8,128,500,500,3,2,5,2.0,1000.0,real,0.6,150.0,0,0,4.655957520035656,501,480,16,696,83,5,126,4,3,0.1992,45.8293
lawnmower__d0p8__s11__20260615-025122-131293.json,20260615-025122-131293,lawnmower,11,0.8,128,500,500,3,2,5,2.0,1000.0,real,0.2,58.0,0,0,3.322860832326114,501,424,26,542,255,267,421,3,1,0.1992,45.7134
lawnmower__d0p8__s12__20260615-025222-403324.json,20260615-025222-403324,lawnmower,12,0.8,128,500,500,3,2,5,2.0,1000.0,real,0.6,127.0,0,19,3.3120755226998213,501,855,855,1935,1935,174,340,4,3,0.218,45.774
lawnmower__d0p8__s13__20260615-025332-106923.json,20260615-025332-106923,lawnmower,13,0.8,128,500,500,3,2,5,2.0,1000.0,real,0.4,221.5,0,110,4.666247809971438,501,1736,1570,4170,4170,19,273,2,2,0.2024,45.684
lawnmower__d0p8__s14__20260615-025444-783037.json,20260615-025444-783037,lawnmower,14,0.8,128,500,500,3,2,5,2.0,1000.0,real,0.4,280.5,0,10,5.4633392916293815,501,474,102,856,303,20,222,3,2,0.1824,45.6908
lawnmower__d0p8__s15__20260615-025558-907816.json,20260615-025558-907816,lawnmower,15,0.8,128,500,500,3,2,5,2.0,1000.0,real,0.4,232.5,0,21,4.485731301936369,501,1555,1553,2708,2708,17,356,2,2,0.1892,45.6889
lawnmower__d0p8__s16__20260615-025725-397068.json,20260615-025725-397068,lawnmower,16,0.8,128,500,500,3,2,5,2.0,1000.0,real,0.4,244.0,0,0,4.111525354678818,501,456,147,1103,574,56,299,2,2,0.2044,45.7598
lawnmower__d0p8__s1__20260615-023955-445841.json,20260615-023955-445841,lawnmower,1,0.8,128,500,500,3,2,5,2.0,1000.0,real,0.4,233.0,0,0,4.341806582524441,501,508,106,1098,703,121,445,3,2,0.2008,45.6415
lawnmower__d0p8__s2__20260615-024110-236524.json,20260615-024110-236524,lawnmower,2,0.8,128,500,500,3,2,5,2.0,1000.0,real,0.2,186.0,0,69,3.6672716857865453,501,2068,1808,5205,5205,125,311,2,1,0.1888,45.6955
lawnmower__d0p8__s3__20260615-024230-935097.json,20260615-024230-935097,lawnmower,3,0.8,128,500,500,3,2,5,2.0,1000.0,real,0.2,293.0,0,52,5.462113000685349,501,2318,1873,6104,6098,17,310,2,1,0.1912,45.6964
lawnmower__d0p8__s4__20260615-024340-172488.json,20260615-024340-172488,lawnmower,4,0.8,128,500,500,3,2,5,2.0,1000.0,real,0.2,48.0,0,0,0.412239907525084,501,1891,1528,4816,4803,120,168,1,1,0.2092,45.6436
lawnmower__d0p8__s5__20260615-024501-699251.json,20260615-024501-699251,lawnmower,5,0.8,128,500,500,3,2,5,2.0,1000.0,real,0.2,243.0,0,0,2.5165257486514747,501,1957,1901,3885,3885,252,495,2,1,0.1992,45.6416
lawnmower__d0p8__s6__20260615-024606-802019.json,20260615-024606-802019,lawnmower,6,0.8,128,500,500,3,2,5,2.0,1000.0,real,0.4,161.5,0,0,5.313401289284229,501,635,186,1436,1353,47,186,4,2,0.1904,45.8368
lawnmower__d0p8__s7__20260615-024701-389674.json,20260615-024701-389674,lawnmower,7,0.8,128,500,500,3,2,5,2.0,1000.0,real,0.6,125.0,0,0,4.215621841670497,501,449,150,947,742,9,119,4,3,0.1892,45.6843
lawnmower__d0p8__s8__20260615-024756-571909.json,20260615-024756-571909,lawnmower,8,0.8,128,500,500,3,2,5,2.0,1000.0,real,0.2,68.0,0,0,0.43818615286662066,501,454,333,848,835,241,309,1,1,0.2072,45.6764
lawnmower__d0p8__s9__20260615-024905-409234.json,20260615-024905-409234,lawnmower,9,0.8,128,500,500,3,2,5,2.0,1000.0,real,0.0,,0,0,0.0,501,900,898,2266,2266,,,0,0,0.1944,45.7805
nearest_candidate__d0p0__s0__20260615-025854-766119.json,20260615-025854-766119,nearest_candidate,0,0.0,128,500,500,3,2,5,2.0,1000.0,real,0.4,166.0,0,20,6.3868102736305445,501,1762,1719,4595,4595,5,164,2,2,1.0,57.9173
nearest_candidate__d0p0__s10__20260615-031015-889900.json,20260615-031015-889900,nearest_candidate,10,0.0,128,500,500,3,2,5,2.0,1000.0,real,0.4,154.0,0,0,8.226923852227628,501,468,66,642,304,90,169,4,2,1.0,57.7794
nearest_candidate__d0p0__s11__20260615-031230-883864.json,20260615-031230-883864,nearest_candidate,11,0.0,128,500,500,3,2,5,2.0,1000.0,real,0.0,,0,178,7.552083869930357,501,1929,1883,4396,4396,338,,2,0,1.0,57.6196
nearest_candidate__d0p0__s12__20260615-031340-991515.json,20260615-031340-991515,nearest_candidate,12,0.0,128,500,500,3,2,5,2.0,1000.0,real,0.4,153.5,0,0,6.567671575816348,501,457,64,764,604,227,386,4,2,1.0,57.6135
nearest_candidate__d0p0__s13__20260615-031435-739765.json,20260615-031435-739765,nearest_candidate,13,0.0,128,500,500,3,2,5,2.0,1000.0,real,0.4,96.5,0,0,6.988537776982412,501,441,145,853,686,206,261,3,2,1.0,58.0072
nearest_candidate__d0p0__s14__20260615-031534-424910.json,20260615-031534-424910,nearest_candidate,14,0.0,128,500,500,3,2,5,2.0,1000.0,real,0.4,58.0,0,20,7.6129108453169465,501,1980,1402,5220,5220,313,391,2,2,1.0,57.3466
nearest_candidate__d0p0__s15__20260615-031655-330881.json,20260615-031655-330881,nearest_candidate,15,0.0,128,500,500,3,2,5,2.0,1000.0,real,0.6,108.66666666666667,0,356,7.951626578345895,501,1928,1767,5197,5197,10,95,3,3,1.0,57.8534
nearest_candidate__d0p0__s16__20260615-031810-120716.json,20260615-031810-120716,nearest_candidate,16,0.0,128,500,500,3,2,5,2.0,1000.0,real,0.2,163.0,0,55,6.234040099312551,501,1570,1569,3663,3663,40,203,1,1,1.0,57.698
nearest_candidate__d0p0__s1__20260615-030018-719622.json,20260615-030018-719622,nearest_candidate,1,0.0,128,500,500,3,2,5,2.0,1000.0,real,0.0,,0,0,5.872756883967668,501,2083,1998,4850,4850,,,0,0,1.0,57.6399
nearest_candidate__d0p0__s2__20260615-030127-618791.json,20260615-030127-618791,nearest_candidate,2,0.0,128,500,500,3,2,5,2.0,1000.0,real,0.6,127.0,0,21,8.61967345699668,501,437,283,1303,1036,22,98,4,3,1.0,57.9285
nearest_candidate__d0p0__s3__20260615-030230-610502.json,20260615-030230-610502,nearest_candidate,3,0.0,128,500,500,3,2,5,2.0,1000.0,real,0.2,270.0,0,0,7.3721057791262865,501,434,290,927,927,104,374,2,1,1.0,57.9019
nearest_candidate__d0p0__s4__20260615-030329-479723.json,20260615-030329-479723,nearest_candidate,4,0.0,128,500,500,3,2,5,2.0,1000.0,real,0.2,338.0,0,0,7.072429572232068,501,436,141,832,725,12,350,3,1,1.0,57.6609
nearest_candidate__d0p0__s5__20260615-030443-766631.json,20260615-030443-766631,nearest_candidate,5,0.0,128,500,500,3,2,5,2.0,1000.0,real,0.6,126.66666666666667,0,0,7.029973695287481,501,1816,1406,4117,4104,127,248,3,3,1.0,57.9875
nearest_candidate__d0p0__s6__20260615-030559-158077.json,20260615-030559-158077,nearest_candidate,6,0.0,128,500,500,3,2,5,2.0,1000.0,real,0.0,,0,387,8.087433795444667,501,457,113,1173,503,,,0,0,1.0,58.0343
nearest_candidate__d0p0__s7__20260615-030702-532504.json,20260615-030702-532504,nearest_candidate,7,0.0,128,500,500,3,2,5,2.0,1000.0,real,0.2,134.0,0,0,7.02160535659641,501,1858,1858,3507,3507,156,290,4,1,1.0,57.6459
nearest_candidate__d0p0__s8__20260615-030806-567433.json,20260615-030806-567433,nearest_candidate,8,0.0,128,500,500,3,2,5,2.0,1000.0,real,0.4,102.0,0,0,6.998819168657064,501,2068,1500,4442,4442,20,103,2,2,1.0,57.6923
nearest_candidate__d0p0__s9__20260615-030913-407244.json,20260615-030913-407244,nearest_candidate,9,0.0,128,500,500,3,2,5,2.0,1000.0,real,0.4,184.0,0,0,6.606481057126075,501,630,630,1924,1922,239,403,3,2,1.0,58.0187
nearest_candidate__d0p2__s0__20260615-031920-197118.json,20260615-031920-197118,nearest_candidate,0,0.2,128,500,500,3,2,5,2.0,1000.0,real,0.4,79.0,0,0,6.518605353310704,501,1815,1352,3949,3945,193,280,3,2,0.798,57.8387
nearest_candidate__d0p2__s10__20260615-033408-521037.json,20260615-033408-521037,nearest_candidate,10,0.2,128,500,500,3,2,5,2.0,1000.0,real,0.2,228.0,0,0,7.480308218393475,501,444,97,694,350,250,478,1,1,0.792,57.8341
nearest_candidate__d0p2__s11__20260615-033516-119472.json,20260615-033516-119472,nearest_candidate,11,0.2,128,500,500,3,2,5,2.0,1000.0,real,0.4,200.5,0,0,6.354367617284879,501,430,21,554,248,39,208,2,2,0.8024,58.1002
nearest_candidate__d0p2__s12__20260615-033628-979153.json,20260615-033628-979153,nearest_candidate,12,0.2,128,500,500,3,2,5,2.0,1000.0,real,0.4,229.5,0,73,8.365951051935554,501,1583,1583,3114,3114,165,370,4,2,0.8112,57.8148
nearest_candidate__d0p2__s13__20260615-033736-278018.json,20260615-033736-278018,nearest_candidate,13,0.2,128,500,500,3,2,5,2.0,1000.0,real,0.0,,0,319,8.050962001550943,501,2139,2077,5079,5079,314,,1,0,0.798,57.3573
nearest_candidate__d0p2__s14__20260615-033847-196880.json,20260615-033847-196880,nearest_candidate,14,0.2,128,500,500,3,2,5,2.0,1000.0,real,0.4,101.5,0,0,6.180482144001871,501,436,392,977,977,31,112,3,2,0.7968,57.7585
nearest_candidate__d0p2__s15__20260615-033953-338412.json,20260615-033953-338412,nearest_candidate,15,0.2,128,500,500,3,2,5,2.0,1000.0,real,0.2,154.0,0,39,7.573859477415681,501,1425,1425,2412,2412,126,447,3,1,0.8072,57.4662
nearest_candidate__d0p2__s16__20260615-034103-566215.json,20260615-034103-566215,nearest_candidate,16,0.2,128,500,500,3,2,5,2.0,1000.0,real,0.4,101.5,0,0,7.430624763015658,501,438,154,1032,592,24,384,4,2,0.8068,57.8094
nearest_candidate__d0p2__s1__20260615-032430-831482.json,20260615-032430-831482,nearest_candidate,1,0.2,128,500,500,3,2,5,2.0,1000.0,real,0.4,70.5,0,0,6.777459514094517,501,537,113,1112,739,20,100,3,2,0.8024,57.8809
nearest_candidate__d0p2__s2__20260615-032534-228368.json,20260615-032534-228368,nearest_candidate,2,0.2,128,500,500,3,2,5,2.0,1000.0,real,0.4,169.5,0,4,6.086200300254859,501,2084,1826,5240,5240,35,202,2,2,0.8032,58.2141
nearest_candidate__d0p2__s3__20260615-032650-304438.json,20260615-032650-304438,nearest_candidate,3,0.2,128,500,500,3,2,5,2.0,1000.0,real,0.2,295.0,0,57,6.861351739498787,501,1775,1641,4876,4876,17,312,2,1,0.804,57.4426
nearest_candidate__d0p2__s4__20260615-032746-843385.json,20260615-032746-843385,nearest_candidate,4,0.2,128,500,500,3,2,5,2.0,1000.0,real,0.2,46.0,0,0,5.570328834699467,501,1825,1766,4968,4968,343,389,2,1,0.8048,57.6036
nearest_candidate__d0p2__s5__20260615-032905-488689.json,20260615-032905-488689,nearest_candidate,5,0.2,128,500,500,3,2,5,2.0,1000.0,real,0.0,,0,18,5.8635384677909315,501,2003,1801,4345,4345,289,,1,0,0.7964,57.4491
nearest_candidate__d0p2__s6__20260615-033008-367355.json,20260615-033008-367355,nearest_candidate,6,0.2,128,500,500,3,2,5,2.0,1000.0,real,0.6,113.0,0,0,7.118892083643004,501,632,164,1149,885,52,89,3,3,0.7924,57.8644
nearest_candidate__d0p2__s7__20260615-033057-031304.json,20260615-033057-031304,nearest_candidate,7,0.2,128,500,500,3,2,5,2.0,1000.0,real,0.4,187.0,0,0,6.732108464231715,501,484,91,834,567,82,203,2,2,0.7944,57.6105
nearest_candidate__d0p2__s8__20260615-033158-421602.json,20260615-033158-421602,nearest_candidate,8,0.2,128,500,500,3,2,5,2.0,1000.0,real,0.6,104.33333333333333,0,0,8.548633625730872,501,437,346,618,618,133,204,4,3,0.8072,57.652
nearest_candidate__d0p2__s9__20260615-033309-386240.json,20260615-033309-386240,nearest_candidate,9,0.2,128,500,500,3,2,5,2.0,1000.0,real,0.4,182.5,0,29,6.590475470060483,501,510,267,1222,1048,31,356,2,2,0.7944,57.3927
nearest_candidate__d0p4__s0__20260615-034206-804556.json,20260615-034206-804556,nearest_candidate,0,0.4,128,500,500,3,2,5,2.0,1000.0,real,0.0,,0,0,5.652381964959204,501,1815,1352,3949,3945,421,,1,0,0.5964,57.804
nearest_candidate__d0p4__s10__20260615-035520-379166.json,20260615-035520-379166,nearest_candidate,10,0.4,128,500,500,3,2,5,2.0,1000.0,real,0.4,192.0,0,0,9.367779617663473,501,444,97,694,350,35,157,4,2,0.5852,58.0465
nearest_candidate__d0p4__s11__20260615-035631-056005.json,20260615-035631-056005,nearest_candidate,11,0.4,128,500,500,3,2,5,2.0,1000.0,real,0.4,98.5,0,0,5.51690244092606,501,430,21,554,248,280,319,2,2,0.5964,57.7387
nearest_candidate__d0p4__s12__20260615-035747-772080.json,20260615-035747-772080,nearest_candidate,12,0.4,128,500,500,3,2,5,2.0,1000.0,real,0.2,284.0,0,78,9.237354452721775,501,1583,1583,3114,3114,42,326,2,1,0.606,57.6706
nearest_candidate__d0p4__s13__20260615-035856-414518.json,20260615-035856-414518,nearest_candidate,13,0.4,128,500,500,3,2,5,2.0,1000.0,real,0.2,384.0,0,118,8.055969646666199,501,2139,2077,5079,5079,100,484,1,1,0.5972,57.7039
nearest_candidate__d0p4__s14__20260615-040005-085766.json,20260615-040005-085766,nearest_candidate,14,0.4,128,500,500,3,2,5,2.0,1000.0,real,0.2,87.0,0,0,5.608809936908074,501,436,392,977,977,246,333,2,1,0.5924,58.0025
nearest_candidate__d0p4__s15__20260615-040115-844118.json,20260615-040115-844118,nearest_candidate,15,0.4,128,500,500,3,2,5,2.0,1000.0,real,0.2,265.0,0,0,9.775805692188442,501,1425,1425,2412,2412,61,326,3,1,0.6116,57.777
nearest_candidate__d0p4__s16__20260615-040227-852138.json,20260615-040227-852138,nearest_candidate,16,0.4,128,500,500,3,2,5,2.0,1000.0,real,0.6,264.0,0,0,7.325275934301317,501,438,154,1032,592,32,283,3,3,0.62,57.7471
nearest_candidate__d0p4__s1__20260615-034516-658124.json,20260615-034516-658124,nearest_candidate,1,0.4,128,500,500,3,2,5,2.0,1000.0,real,0.0,,0,0,5.787162758177146,501,537,113,1112,739,274,,2,0,0.6116,57.6767
nearest_candidate__d0p4__s2__20260615-034625-671879.json,20260615-034625-671879,nearest_candidate,2,0.4,128,500,500,3,2,5,2.0,1000.0,real,0.4,147.5,0,13,6.8509949214058,501,2084,1826,5240,5240,46,148,3,2,0.606,57.5218
nearest_candidate__d0p4__s3__20260615-034751-749425.json,20260615-034751-749425,nearest_candidate,3,0.4,128,500,500,3,2,5,2.0,1000.0,real,0.2,341.0,0,5,6.752475388115272,501,1775,1641,4876,4876,80,421,1,1,0.602,58.0587
nearest_candidate__d0p4__s4__20260615-034855-136962.json,20260615-034855-136962,nearest_candidate,4,0.4,128,500,500,3,2,5,2.0,1000.0,real,0.4,216.5,0,0,6.721926943631843,501,1825,1766,4968,4968,58,232,3,2,0.6076,58.1319
nearest_candidate__d0p4__s5__20260615-035015-625397.json,20260615-035015-625397,nearest_candidate,5,0.4,128,500,500,3,2,5,2.0,1000.0,real,0.0,,0,18,4.9995054010069,501,2003,1801,4345,4345,,,0,0,0.5912,57.5421
nearest_candidate__d0p4__s6__20260615-035117-128413.json,20260615-035117-128413,nearest_candidate,6,0.4,128,500,500,3,2,5,2.0,1000.0,real,0.6,136.0,0,0,7.199460899922997,501,632,164,1149,885,11,39,4,3,0.5904,57.5793
nearest_candidate__d0p4__s7__20260615-035207-296280.json,20260615-035207-296280,nearest_candidate,7,0.4,128,500,500,3,2,5,2.0,1000.0,real,0.6,123.66666666666667,0,0,6.815324002178386,501,484,91,834,567,16,132,3,3,0.6056,57.9494
nearest_candidate__d0p4__s8__20260615-035305-658171.json,20260615-035305-658171,nearest_candidate,8,0.4,128,500,500,3,2,5,2.0,1000.0,real,0.4,143.0,0,0,8.538209424354136,501,437,346,618,618,120,235,3,2,0.6056,57.4236
nearest_candidate__d0p4__s9__20260615-035412-266246.json,20260615-035412-266246,nearest_candidate,9,0.4,128,500,500,3,2,5,2.0,1000.0,real,0.2,212.0,0,0,6.373437522212043,501,510,267,1222,1048,31,243,2,1,0.5832,57.887
nearest_candidate__d0p6__s0__20260615-040342-220609.json,20260615-040342-220609,nearest_candidate,0,0.6,128,500,500,3,2,5,2.0,1000.0,real,0.8,117.75,0,0,6.657457202905789,501,1815,1352,3949,3945,30,89,4,4,0.3988,57.8635
nearest_candidate__d0p6__s10__20260615-041445-291916.json,20260615-041445-291916,nearest_candidate,10,0.6,128,500,500,3,2,5,2.0,1000.0,real,0.2,120.0,0,4,7.456205646973103,501,444,97,694,350,43,163,2,1,0.392,58.2235
nearest_candidate__d0p6__s11__20260615-041603-785643.json,20260615-041603-785643,nearest_candidate,11,0.6,128,500,500,3,2,5,2.0,1000.0,real,0.0,,0,0,5.4041339866817,501,430,21,554,248,411,,1,0,0.3948,57.8273
nearest_candidate__d0p6__s12__20260615-041708-783319.json,20260615-041708-783319,nearest_candidate,12,0.6,128,500,500,3,2,5,2.0,1000.0,real,0.2,215.0,0,7,7.568397730356082,501,1583,1583,3114,3114,129,344,1,1,0.4068,57.6075
nearest_candidate__d0p6__s13__20260615-041825-558408.json,20260615-041825-558408,nearest_candidate,13,0.6,128,500,500,3,2,5,2.0,1000.0,real,0.2,392.0,0,141,8.453147823922336,501,2139,2077,5079,5079,78,470,2,1,0.3924,57.6502
nearest_candidate__d0p6__s14__20260615-041941-565551.json,20260615-041941-565551,nearest_candidate,14,0.6,128,500,500,3,2,5,2.0,1000.0,real,0.2,125.0,0,0,7.338215681258589,501,436,392,977,977,52,343,2,1,0.392,57.3532
nearest_candidate__d0p6__s15__20260615-042040-351269.json,20260615-042040-351269,nearest_candidate,15,0.6,128,500,500,3,2,5,2.0,1000.0,real,0.2,90.0,0,23,6.215052158338949,501,1425,1425,2412,2412,247,337,1,1,0.418,57.7618
nearest_candidate__d0p6__s16__20260615-042151-814795.json,20260615-042151-814795,nearest_candidate,16,0.6,128,500,500,3,2,5,2.0,1000.0,real,0.0,,0,0,5.725785221206024,501,438,154,1032,592,484,,2,0,0.4192,58.182
nearest_candidate__d0p6__s1__20260615-040453-961727.json,20260615-040453-961727,nearest_candidate,1,0.6,128,500,500,3,2,5,2.0,1000.0,real,0.2,164.0,0,0,6.796279727714136,501,537,113,1112,739,49,213,3,1,0.4128,58.0618
nearest_candidate__d0p6__s2__20260615-040558-082284.json,20260615-040558-082284,nearest_candidate,2,0.6,128,500,500,3,2,5,2.0,1000.0,real,0.4,177.5,0,25,6.772281417739578,501,2084,1826,5240,5240,32,130,2,2,0.416,57.6679
nearest_candidate__d0p6__s3__20260615-040714-517438.json,20260615-040714-517438,nearest_candidate,3,0.6,128,500,500,3,2,5,2.0,1000.0,real,0.4,151.0,0,45,6.8322993635665625,501,1775,1641,4876,4876,124,404,3,2,0.4116,57.9963
nearest_candidate__d0p6__s4__20260615-040823-673260.json,20260615-040823-673260,nearest_candidate,4,0.6,128,500,500,3,2,5,2.0,1000.0,real,0.4,276.5,0,26,7.691975163994357,501,1825,1766,4968,4968,127,387,3,2,0.404,57.3992
nearest_candidate__d0p6__s5__20260615-040940-823334.json,20260615-040940-823334,nearest_candidate,5,0.6,128,500,500,3,2,5,2.0,1000.0,real,0.6,168.33333333333334,0,24,6.488324464764446,501,2003,1801,4345,4345,28,183,4,3,0.3944,57.584
nearest_candidate__d0p6__s6__20260615-041051-845558.json,20260615-041051-845558,nearest_candidate,6,0.6,128,500,500,3,2,5,2.0,1000.0,real,0.2,28.0,0,0,5.600384735967964,501,632,164,1149,885,11,39,1,1,0.3996,57.8656
nearest_candidate__d0p6__s7__20260615-041139-750788.json,20260615-041139-750788,nearest_candidate,7,0.6,128,500,500,3,2,5,2.0,1000.0,real,0.8,174.75,0,0,8.065335227875039,501,484,91,834,567,170,217,4,4,0.4052,57.8714
nearest_candidate__d0p6__s8__20260615-041236-095393.json,20260615-041236-095393,nearest_candidate,8,0.6,128,500,500,3,2,5,2.0,1000.0,real,0.2,63.0,0,0,7.906792452558875,501,437,346,618,618,335,398,2,1,0.3932,57.84
nearest_candidate__d0p6__s9__20260615-041343-389929.json,20260615-041343-389929,nearest_candidate,9,0.6,128,500,500,3,2,5,2.0,1000.0,real,0.6,198.33333333333334,0,26,7.123151022824459,501,510,267,1222,1048,153,430,4,3,0.3904,57.4728
nearest_candidate__d0p8__s0__20260615-042305-512765.json,20260615-042305-512765,nearest_candidate,0,0.8,128,500,500,3,2,5,2.0,1000.0,real,0.2,230.0,0,0,5.368117101490498,501,1815,1352,3949,3945,72,302,1,1,0.2068,57.7545
nearest_candidate__d0p8__s10__20260615-043429-487665.json,20260615-043429-487665,nearest_candidate,10,0.8,128,500,500,3,2,5,2.0,1000.0,real,0.6,147.33333333333334,0,3,8.196217200253159,501,444,97,694,350,43,163,3,3,0.1868,57.768
nearest_candidate__d0p8__s11__20260615-043542-854368.json,20260615-043542-854368,nearest_candidate,11,0.8,128,500,500,3,2,5,2.0,1000.0,real,0.2,169.0,0,0,6.1456882818602026,501,430,21,554,248,66,235,2,1,0.192,58.0449
nearest_candidate__d0p8__s12__20260615-043649-719961.json,20260615-043649-719961,nearest_candidate,12,0.8,128,500,500,3,2,5,2.0,1000.0,real,0.4,208.5,0,54,8.310977554647252,501,1583,1583,3114,3114,45,300,4,2,0.2104,57.9283
nearest_candidate__d0p8__s13__20260615-043755-735602.json,20260615-043755-735602,nearest_candidate,13,0.8,128,500,500,3,2,5,2.0,1000.0,real,0.2,51.0,0,211,7.5582216556649655,501,2139,2077,5079,5079,58,109,1,1,0.1936,58.1869
nearest_candidate__d0p8__s14__20260615-043905-686919.json,20260615-043905-686919,nearest_candidate,14,0.8,128,500,500,3,2,5,2.0,1000.0,real,0.2,193.0,0,0,5.960478228516877,501,436,392,977,977,188,381,2,1,0.1952,57.7005
nearest_candidate__d0p8__s15__20260615-044016-622805.json,20260615-044016-622805,nearest_candidate,15,0.8,128,500,500,3,2,5,2.0,1000.0,real,0.4,134.0,0,0,9.524268148466945,501,1425,1425,2412,2412,31,241,3,2,0.2152,58.0128
nearest_candidate__d0p8__s16__20260615-044128-137312.json,20260615-044128-137312,nearest_candidate,16,0.8,128,500,500,3,2,5,2.0,1000.0,real,0.0,,0,0,5.390939501579851,501,438,154,1032,592,233,,1,0,0.2168,57.5791
nearest_candidate__d0p8__s1__20260615-042412-882386.json,20260615-042412-882386,nearest_candidate,1,0.8,128,500,500,3,2,5,2.0,1000.0,real,0.2,163.0,0,0,6.632749478565529,501,537,113,1112,739,120,283,2,1,0.2172,57.3032
nearest_candidate__d0p8__s2__20260615-042521-517429.json,20260615-042521-517429,nearest_candidate,2,0.8,128,500,500,3,2,5,2.0,1000.0,real,0.0,,0,25,7.355451500159688,501,2084,1826,5240,5240,185,,2,0,0.2152,57.7849
nearest_candidate__d0p8__s3__20260615-042640-362030.json,20260615-042640-362030,nearest_candidate,3,0.8,128,500,500,3,2,5,2.0,1000.0,real,0.0,,0,80,6.6930838448461145,501,1775,1641,4876,4876,208,,1,0,0.2088,57.6147
nearest_candidate__d0p8__s4__20260615-042756-647700.json,20260615-042756-647700,nearest_candidate,4,0.8,128,500,500,3,2,5,2.0,1000.0,real,0.4,87.5,0,21,7.391112299636006,501,1825,1766,4968,4968,24,247,3,2,0.2068,58.0954
nearest_candidate__d0p8__s5__20260615-042912-084691.json,20260615-042912-084691,nearest_candidate,5,0.8,128,500,500,3,2,5,2.0,1000.0,real,0.2,237.0,0,18,6.051613602321595,501,2003,1801,4345,4345,176,413,2,1,0.2128,57.8453
nearest_candidate__d0p8__s6__20260615-043016-473841.json,20260615-043016-473841,nearest_candidate,6,0.8,128,500,500,3,2,5,2.0,1000.0,real,0.2,36.0,0,0,5.844981239642948,501,632,164,1149,885,141,177,2,1,0.2,57.9372
nearest_candidate__d0p8__s7__20260615-043113-791649.json,20260615-043113-791649,nearest_candidate,7,0.8,128,500,500,3,2,5,2.0,1000.0,real,0.2,274.0,0,0,7.310958091402426,501,484,91,834,567,165,439,3,1,0.1956,57.8134
nearest_candidate__d0p8__s8__20260615-043225-608432.json,20260615-043225-608432,nearest_candidate,8,0.8,128,500,500,3,2,5,2.0,1000.0,real,0.4,194.5,0,0,7.54152948060073,501,437,346,618,618,105,226,2,2,0.186,57.7125
nearest_candidate__d0p8__s9__20260615-043336-375110.json,20260615-043336-375110,nearest_candidate,9,0.8,128,500,500,3,2,5,2.0,1000.0,real,0.0,,0,9,6.335076365619898,501,510,267,1222,1048,255,,3,0,0.1888,57.443
random_action__d0p0__s0__20260614-235159-862022.json,20260614-235159-862022,random_action,0,0.0,128,500,500,3,2,5,2.0,1000.0,real,0.0,,0,0,5.5662178308703005,501,1762,1719,4595,4595,,,0,0,1.0,30.9359
random_action__d0p0__s10__20260614-235507-464561.json,20260614-235507-464561,random_action,10,0.0,128,500,500,3,2,5,2.0,1000.0,real,0.0,,0,0,7.528679445618764,501,468,66,642,304,47,,2,0,1.0,30.5958
random_action__d0p0__s11__20260614-235528-795614.json,20260614-235528-795614,random_action,11,0.0,128,500,500,3,2,5,2.0,1000.0,real,0.0,,0,239,6.72042303532362,501,1929,1883,4396,4396,194,,2,0,1.0,31.5374
random_action__d0p0__s12__20260614-235545-473702.json,20260614-235545-473702,random_action,12,0.0,128,500,500,3,2,5,2.0,1000.0,real,0.0,,0,0,5.415968454442918,501,457,64,764,604,,,0,0,1.0,31.7231
random_action__d0p0__s13__20260614-235602-946727.json,20260614-235602-946727,random_action,13,0.0,128,500,500,3,2,5,2.0,1000.0,real,0.0,,0,0,6.408394764177501,501,441,145,853,686,,,0,0,1.0,30.5367
random_action__d0p0__s14__20260614-235628-156748.json,20260614-235628-156748,random_action,14,0.0,128,500,500,3,2,5,2.0,1000.0,real,0.0,,0,20,7.074050040915608,501,1980,1402,5220,5220,90,,1,0,1.0,30.9155
random_action__d0p0__s15__20260614-235655-378963.json,20260614-235655-378963,random_action,15,0.0,128,500,500,3,2,5,2.0,1000.0,real,0.0,,0,356,6.7358195395208895,501,1928,1767,5197,5197,,,0,0,1.0,29.8298
random_action__d0p0__s16__20260614-235716-120574.json,20260614-235716-120574,random_action,16,0.0,128,500,500,3,2,5,2.0,1000.0,real,0.0,,0,55,5.808183783199638,501,1570,1569,3663,3663,97,,2,0,1.0,30.8797
random_action__d0p0__s1__20260614-235221-251721.json,20260614-235221-251721,random_action,1,0.0,128,500,500,3,2,5,2.0,1000.0,real,0.0,,0,0,5.872756883967668,501,2083,1998,4850,4850,295,,2,0,1.0,31.1784
random_action__d0p0__s2__20260614-235237-813923.json,20260614-235237-813923,random_action,2,0.0,128,500,500,3,2,5,2.0,1000.0,real,0.0,,0,176,7.660987667390145,501,437,283,1303,1036,270,,3,0,1.0,31.6161
random_action__d0p0__s3__20260614-235253-794349.json,20260614-235253-794349,random_action,3,0.0,128,500,500,3,2,5,2.0,1000.0,real,0.0,,0,0,7.439685401273891,501,434,290,927,927,199,,1,0,1.0,31.2147
random_action__d0p0__s4__20260614-235310-677608.json,20260614-235310-677608,random_action,4,0.0,128,500,500,3,2,5,2.0,1000.0,real,0.0,,0,0,4.851443473016843,501,436,141,832,725,132,,3,0,1.0,31.1572
random_action__d0p0__s5__20260614-235333-289910.json,20260614-235333-289910,random_action,5,0.0,128,500,500,3,2,5,2.0,1000.0,real,0.0,,0,16,6.059787191217765,501,1816,1406,4117,4104,,,0,0,1.0,30.829
random_action__d0p0__s6__20260614-235351-506672.json,20260614-235351-506672,random_action,6,0.0,128,500,500,3,2,5,2.0,1000.0,real,0.0,,0,387,8.087433795444667,501,457,113,1173,503,,,0,0,1.0,29.9035
random_action__d0p0__s7__20260614-235410-370787.json,20260614-235410-370787,random_action,7,0.0,128,500,500,3,2,5,2.0,1000.0,real,0.0,,0,0,6.053989378968254,501,1858,1858,3507,3507,,,0,0,1.0,29.6771
random_action__d0p0__s8__20260614-235432-985873.json,20260614-235432-985873,random_action,8,0.0,128,500,500,3,2,5,2.0,1000.0,real,0.0,,0,252,8.00637297006324,501,2068,1500,4442,4442,21,,3,0,1.0,30.495
random_action__d0p0__s9__20260614-235451-330780.json,20260614-235451-330780,random_action,9,0.0,128,500,500,3,2,5,2.0,1000.0,real,0.0,,0,0,5.99331797612831,501,630,630,1924,1922,49,,2,0,1.0,30.7947
random_action__d0p2__s0__20260614-235740-160346.json,20260614-235740-160346,random_action,0,0.2,128,500,500,3,2,5,2.0,1000.0,real,0.0,,0,0,5.356946176383644,501,1815,1352,3949,3945,14,,2,0,0.798,30.1865
random_action__d0p2__s10__20260615-000114-062319.json,20260615-000114-062319,random_action,10,0.2,128,500,500,3,2,5,2.0,1000.0,real,0.0,,0,0,7.374293573433533,501,444,97,694,350,69,,1,0,0.792,29.2998
random_action__d0p2__s11__20260615-000131-505926.json,20260615-000131-505926,random_action,11,0.2,128,500,500,3,2,5,2.0,1000.0,real,0.0,,0,0,5.130581587553024,501,430,21,554,248,,,0,0,0.8024,30.0519
random_action__d0p2__s12__20260615-000152-443907.json,20260615-000152-443907,random_action,12,0.2,128,500,500,3,2,5,2.0,1000.0,real,0.0,,0,92,6.828889852389693,501,1583,1583,3114,3114,,,0,0,0.8112,29.3574
random_action__d0p2__s13__20260615-000216-692030.json,20260615-000216-692030,random_action,13,0.2,128,500,500,3,2,5,2.0,1000.0,real,0.0,,0,475,7.954660976771265,501,2139,2077,5079,5079,38,,1,0,0.798,30.8752
random_action__d0p2__s14__20260615-000233-435168.json,20260615-000233-435168,random_action,14,0.2,128,500,500,3,2,5,2.0,1000.0,real,0.0,,0,0,5.550576803041622,501,436,392,977,977,192,,1,0,0.7968,31.5297
random_action__d0p2__s15__20260615-000252-966560.json,20260615-000252-966560,random_action,15,0.2,128,500,500,3,2,5,2.0,1000.0,real,0.0,,0,4,5.529852430569008,501,1425,1425,2412,2412,196,,2,0,0.8072,31.0833
random_action__d0p2__s16__20260615-000310-939668.json,20260615-000310-939668,random_action,16,0.2,128,500,500,3,2,5,2.0,1000.0,real,0.0,,0,0,5.617434289306402,501,438,154,1032,592,,,0,0,0.8068,32.0322
random_action__d0p2__s1__20260614-235800-693058.json,20260614-235800-693058,random_action,1,0.2,128,500,500,3,2,5,2.0,1000.0,real,0.0,,0,0,5.1782258150633425,501,537,113,1112,739,56,,1,0,0.8024,29.7584
random_action__d0p2__s2__20260614-235828-850599.json,20260614-235828-850599,random_action,2,0.2,128,500,500,3,2,5,2.0,1000.0,real,0.0,,0,0,7.26618268515449,501,2084,1826,5240,5240,296,,2,0,0.8032,31.0885
random_action__d0p2__s3__20260614-235855-318321.json,20260614-235855-318321,random_action,3,0.2,128,500,500,3,2,5,2.0,1000.0,real,0.0,,0,142,5.851527866674587,501,1775,1641,4876,4876,79,,1,0,0.804,30.7533
random_action__d0p2__s4__20260614-235920-991998.json,20260614-235920-991998,random_action,4,0.2,128,500,500,3,2,5,2.0,1000.0,real,0.0,,0,0,5.452032832428813,501,1825,1766,4968,4968,23,,2,0,0.8048,30.0526
random_action__d0p2__s5__20260614-235943-000577.json,20260614-235943-000577,random_action,5,0.2,128,500,500,3,2,5,2.0,1000.0,real,0.0,,0,18,4.9995054010069,501,2003,1801,4345,4345,91,,2,0,0.7964,31.4024
random_action__d0p2__s6__20260615-000000-991607.json,20260615-000000-991607,random_action,6,0.2,128,500,500,3,2,5,2.0,1000.0,real,0.0,,0,0,5.4543349808081985,501,632,164,1149,885,,,0,0,0.7924,30.2973
random_action__d0p2__s7__20260615-000018-607085.json,20260615-000018-607085,random_action,7,0.2,128,500,500,3,2,5,2.0,1000.0,real,0.0,,0,0,6.793540502665564,501,484,91,834,567,420,,1,0,0.7944,30.6002
random_action__d0p2__s8__20260615-000035-554485.json,20260615-000035-554485,random_action,8,0.2,128,500,500,3,2,5,2.0,1000.0,real,0.0,,0,0,7.295596245443448,501,437,346,618,618,291,,1,0,0.8072,30.4779
random_action__d0p2__s9__20260615-000056-249287.json,20260615-000056-249287,random_action,9,0.2,128,500,500,3,2,5,2.0,1000.0,real,0.0,,0,0,5.36056575155817,501,510,267,1222,1048,224,,1,0,0.7944,32.0558
random_action__d0p4__s0__20260615-000335-135435.json,20260615-000335-135435,random_action,0,0.4,128,500,500,3,2,5,2.0,1000.0,real,0.0,,0,0,5.356946176383644,501,1815,1352,3949,3945,14,,2,0,0.5964,30.1865
random_action__d0p4__s10__20260615-000719-866560.json,20260615-000719-866560,random_action,10,0.4,128,500,500,3,2,5,2.0,1000.0,real,0.0,,0,0,7.374293573433533,501,444,97,694,350,69,,1,0,0.5852,29.2998
random_action__d0p4__s11__20260615-000738-069302.json,20260615-000738-069302,random_action,11,0.4,128,500,500,3,2,5,2.0,1000.0,real,0.0,,0,0,5.130581587553024,501,430,21,554,248,,,0,0,0.5964,30.0519
random_action__d0p4__s12__20260615-000759-929013.json,20260615-000759-929013,random_action,12,0.4,128,500,500,3,2,5,2.0,1000.0,real,0.0,,0,92,6.828889852389693,501,1583,1583,3114,3114,,,0,0,0.606,29.3574
random_action__d0p4__s13__20260615-000824-600979.json,20260615-000824-600979,random_action,13,0.4,128,500,500,3,2,5,2.0,1000.0,real,0.0,,0,475,7.954660976771265,501,2139,2077,5079,5079,38,,1,0,0.5972,30.8752
random_action__d0p4__s14__20260615-000843-535258.json,20260615-000843-535258,random_action,14,0.4,128,500,500,3,2,5,2.0,1000.0,real,0.0,,0,0,5.550576803041622,501,436,392,977,977,192,,1,0,0.5924,31.5297
random_action__d0p4__s15__20260615-000905-140627.json,20260615-000905-140627,random_action,15,0.4,128,500,500,3,2,5,2.0,1000.0,real,0.0,,0,4,5.529852430569008,501,1425,1425,2412,2412,196,,2,0,0.6116,31.0833
random_action__d0p4__s16__20260615-000924-439606.json,20260615-000924-439606,random_action,16,0.4,128,500,500,3,2,5,2.0,1000.0,real,0.0,,0,0,5.617434289306402,501,438,154,1032,592,,,0,0,0.62,32.0322
random_action__d0p4__s1__20260615-000352-657357.json,20260615-000352-657357,random_action,1,0.4,128,500,500,3,2,5,2.0,1000.0,real,0.0,,0,0,5.1782258150633425,501,537,113,1112,739,56,,1,0,0.6116,29.7584
random_action__d0p4__s2__20260615-000419-587721.json,20260615-000419-587721,random_action,2,0.4,128,500,500,3,2,5,2.0,1000.0,real,0.0,,0,0,7.26618268515449,501,2084,1826,5240,5240,296,,2,0,0.606,31.0885
random_action__d0p4__s3__20260615-000444-268666.json,20260615-000444-268666,random_action,3,0.4,128,500,500,3,2,5,2.0,1000.0,real,0.0,,0,142,5.851527866674587,501,1775,1641,4876,4876,79,,1,0,0.602,30.7533
random_action__d0p4__s4__20260615-000510-782257.json,20260615-000510-782257,random_action,4,0.4,128,500,500,3,2,5,2.0,1000.0,real,0.0,,0,0,5.452032832428813,501,1825,1766,4968,4968,23,,2,0,0.6076,30.0526
random_action__d0p4__s5__20260615-000538-211370.json,20260615-000538-211370,random_action,5,0.4,128,500,500,3,2,5,2.0,1000.0,real,0.0,,0,18,4.9995054010069,501,2003,1801,4345,4345,91,,2,0,0.5912,31.4024
random_action__d0p4__s6__20260615-000559-699384.json,20260615-000559-699384,random_action,6,0.4,128,500,500,3,2,5,2.0,1000.0,real,0.0,,0,0,5.4543349808081985,501,632,164,1149,885,,,0,0,0.5904,30.2973
random_action__d0p4__s7__20260615-000620-387213.json,20260615-000620-387213,random_action,7,0.4,128,500,500,3,2,5,2.0,1000.0,real,0.0,,0,0,6.793540502665564,501,484,91,834,567,420,,1,0,0.6056,30.6002
random_action__d0p4__s8__20260615-000639-839844.json,20260615-000639-839844,random_action,8,0.4,128,500,500,3,2,5,2.0,1000.0,real,0.0,,0,0,7.295596245443448,501,437,346,618,618,291,,1,0,0.6056,30.4779
random_action__d0p4__s9__20260615-000700-434923.json,20260615-000700-434923,random_action,9,0.4,128,500,500,3,2,5,2.0,1000.0,real,0.0,,0,0,5.36056575155817,501,510,267,1222,1048,224,,1,0,0.5832,32.0558
random_action__d0p6__s0__20260615-000949-810104.json,20260615-000949-810104,random_action,0,0.6,128,500,500,3,2,5,2.0,1000.0,real,0.0,,0,0,5.356946176383644,501,1815,1352,3949,3945,14,,2,0,0.3988,30.1865
random_action__d0p6__s10__20260615-001327-470136.json,20260615-001327-470136,random_action,10,0.6,128,500,500,3,2,5,2.0,1000.0,real,0.0,,0,0,7.374293573433533,501,444,97,694,350,69,,1,0,0.392,29.2998
random_action__d0p6__s11__20260615-001346-030231.json,20260615-001346-030231,random_action,11,0.6,128,500,500,3,2,5,2.0,1000.0,real,0.0,,0,0,5.130581587553024,501,430,21,554,248,,,0,0,0.3948,30.0519
random_action__d0p6__s12__20260615-001410-649951.json,20260615-001410-649951,random_action,12,0.6,128,500,500,3,2,5,2.0,1000.0,real,0.0,,0,92,6.828889852389693,501,1583,1583,3114,3114,,,0,0,0.4068,29.3574
random_action__d0p6__s13__20260615-001438-228610.json,20260615-001438-228610,random_action,13,0.6,128,500,500,3,2,5,2.0,1000.0,real,0.0,,0,475,7.954660976771265,501,2139,2077,5079,5079,38,,1,0,0.3924,30.8752
random_action__d0p6__s14__20260615-001456-402284.json,20260615-001456-402284,random_action,14,0.6,128,500,500,3,2,5,2.0,1000.0,real,0.0,,0,0,5.550576803041622,501,436,392,977,977,192,,1,0,0.392,31.5297
random_action__d0p6__s15__20260615-001517-825230.json,20260615-001517-825230,random_action,15,0.6,128,500,500,3,2,5,2.0,1000.0,real,0.0,,0,4,5.529852430569008,501,1425,1425,2412,2412,196,,2,0,0.418,31.0833
random_action__d0p6__s16__20260615-001538-344917.json,20260615-001538-344917,random_action,16,0.6,128,500,500,3,2,5,2.0,1000.0,real,0.0,,0,0,5.617434289306402,501,438,154,1032,592,,,0,0,0.4192,32.0322
random_action__d0p6__s1__20260615-001008-634160.json,20260615-001008-634160,random_action,1,0.6,128,500,500,3,2,5,2.0,1000.0,real,0.0,,0,0,5.1782258150633425,501,537,113,1112,739,56,,1,0,0.4128,29.7584
random_action__d0p6__s2__20260615-001035-628082.json,20260615-001035-628082,random_action,2,0.6,128,500,500,3,2,5,2.0,1000.0,real,0.0,,0,0,7.26618268515449,501,2084,1826,5240,5240,296,,2,0,0.416,31.0885
random_action__d0p6__s3__20260615-001101-206280.json,20260615-001101-206280,random_action,3,0.6,128,500,500,3,2,5,2.0,1000.0,real,0.0,,0,142,5.851527866674587,501,1775,1641,4876,4876,79,,1,0,0.4116,30.7533
random_action__d0p6__s4__20260615-001127-697997.json,20260615-001127-697997,random_action,4,0.6,128,500,500,3,2,5,2.0,1000.0,real,0.0,,0,0,5.452032832428813,501,1825,1766,4968,4968,23,,2,0,0.404,30.0526
random_action__d0p6__s5__20260615-001151-356956.json,20260615-001151-356956,random_action,5,0.6,128,500,500,3,2,5,2.0,1000.0,real,0.0,,0,18,4.9995054010069,501,2003,1801,4345,4345,91,,2,0,0.3944,31.4024
random_action__d0p6__s6__20260615-001211-275260.json,20260615-001211-275260,random_action,6,0.6,128,500,500,3,2,5,2.0,1000.0,real,0.0,,0,0,5.4543349808081985,501,632,164,1149,885,,,0,0,0.3996,30.2973
random_action__d0p6__s7__20260615-001230-484049.json,20260615-001230-484049,random_action,7,0.6,128,500,500,3,2,5,2.0,1000.0,real,0.0,,0,0,6.793540502665564,501,484,91,834,567,420,,1,0,0.4052,30.6002
random_action__d0p6__s8__20260615-001248-894107.json,20260615-001248-894107,random_action,8,0.6,128,500,500,3,2,5,2.0,1000.0,real,0.0,,0,0,7.295596245443448,501,437,346,618,618,291,,1,0,0.3932,30.4779
random_action__d0p6__s9__20260615-001309-341214.json,20260615-001309-341214,random_action,9,0.6,128,500,500,3,2,5,2.0,1000.0,real,0.0,,0,0,5.36056575155817,501,510,267,1222,1048,224,,1,0,0.3904,32.0558
random_action__d0p8__s0__20260615-001604-800428.json,20260615-001604-800428,random_action,0,0.8,128,500,500,3,2,5,2.0,1000.0,real,0.0,,0,0,5.356946176383644,501,1815,1352,3949,3945,14,,2,0,0.2068,30.1865
random_action__d0p8__s10__20260615-002020-370214.json,20260615-002020-370214,random_action,10,0.8,128,500,500,3,2,5,2.0,1000.0,real,0.0,,0,0,7.374293573433533,501,444,97,694,350,69,,1,0,0.1868,29.2998
random_action__d0p8__s11__20260615-002041-782797.json,20260615-002041-782797,random_action,11,0.8,128,500,500,3,2,5,2.0,1000.0,real,0.0,,0,0,5.130581587553024,501,430,21,554,248,,,0,0,0.192,30.0519
random_action__d0p8__s12__20260615-002104-379251.json,20260615-002104-379251,random_action,12,0.8,128,500,500,3,2,5,2.0,1000.0,real,0.0,,0,92,6.828889852389693,501,1583,1583,3114,3114,,,0,0,0.2104,29.3574
random_action__d0p8__s13__20260615-002131-288432.json,20260615-002131-288432,random_action,13,0.8,128,500,500,3,2,5,2.0,1000.0,real,0.0,,0,475,7.954660976771265,501,2139,2077,5079,5079,38,,1,0,0.1936,30.8752
random_action__d0p8__s14__20260615-002151-233784.json,20260615-002151-233784,random_action,14,0.8,128,500,500,3,2,5,2.0,1000.0,real,0.0,,0,0,5.550576803041622,501,436,392,977,977,192,,1,0,0.1952,31.5297
random_action__d0p8__s15__20260615-002214-924848.json,20260615-002214-924848,random_action,15,0.8,128,500,500,3,2,5,2.0,1000.0,real,0.0,,0,4,5.529852430569008,501,1425,1425,2412,2412,196,,2,0,0.2152,31.0833
random_action__d0p8__s16__20260615-002235-111973.json,20260615-002235-111973,random_action,16,0.8,128,500,500,3,2,5,2.0,1000.0,real,0.0,,0,0,5.617434289306402,501,438,154,1032,592,,,0,0,0.2168,32.0322
random_action__d0p8__s1__20260615-001626-900487.json,20260615-001626-900487,random_action,1,0.8,128,500,500,3,2,5,2.0,1000.0,real,0.0,,0,0,5.1782258150633425,501,537,113,1112,739,56,,1,0,0.2172,29.7584
random_action__d0p8__s2__20260615-001658-640550.json,20260615-001658-640550,random_action,2,0.8,128,500,500,3,2,5,2.0,1000.0,real,0.0,,0,0,7.26618268515449,501,2084,1826,5240,5240,296,,2,0,0.2152,31.0885
random_action__d0p8__s3__20260615-001727-452537.json,20260615-001727-452537,random_action,3,0.8,128,500,500,3,2,5,2.0,1000.0,real,0.0,,0,142,5.851527866674587,501,1775,1641,4876,4876,79,,1,0,0.2088,30.7533
random_action__d0p8__s4__20260615-001757-368363.json,20260615-001757-368363,random_action,4,0.8,128,500,500,3,2,5,2.0,1000.0,real,0.0,,0,0,5.452032832428813,501,1825,1766,4968,4968,23,,2,0,0.2068,30.0526
random_action__d0p8__s5__20260615-001826-070877.json,20260615-001826-070877,random_action,5,0.8,128,500,500,3,2,5,2.0,1000.0,real,0.0,,0,18,4.9995054010069,501,2003,1801,4345,4345,91,,2,0,0.2128,31.4024
random_action__d0p8__s6__20260615-001849-284726.json,20260615-001849-284726,random_action,6,0.8,128,500,500,3,2,5,2.0,1000.0,real,0.0,,0,0,5.4543349808081985,501,632,164,1149,885,,,0,0,0.2,30.2973
random_action__d0p8__s7__20260615-001912-234662.json,20260615-001912-234662,random_action,7,0.8,128,500,500,3,2,5,2.0,1000.0,real,0.0,,0,0,6.793540502665564,501,484,91,834,567,420,,1,0,0.1956,30.6002
random_action__d0p8__s8__20260615-001932-768832.json,20260615-001932-768832,random_action,8,0.8,128,500,500,3,2,5,2.0,1000.0,real,0.0,,0,0,7.295596245443448,501,437,346,618,618,291,,1,0,0.186,30.4779
random_action__d0p8__s9__20260615-001957-358718.json,20260615-001957-358718,random_action,9,0.8,128,500,500,3,2,5,2.0,1000.0,real,0.0,,0,0,5.36056575155817,501,510,267,1222,1048,224,,1,0,0.1888,32.0558
random_walk__d0p0__s0__20260615-002304-369784.json,20260615-002304-369784,random_walk,0,0.0,128,500,500,3,2,5,2.0,1000.0,real,0.0,,0,31,9.793044643476605,501,1934,1792,4905,4905,44,,1,0,1.0,57.5418
random_walk__d0p0__s10__20260615-002705-925115.json,20260615-002705-925115,random_walk,10,0.0,128,500,500,3,2,5,2.0,1000.0,real,0.0,,0,0,10.983815109357238,501,453,16,610,104,322,,2,0,1.0,58.0951
random_walk__d0p0__s11__20260615-002734-107502.json,20260615-002734-107502,random_walk,11,0.0,128,500,500,3,2,5,2.0,1000.0,real,0.0,,0,301,11.184454332105815,501,1733,1690,3690,3690,137,,4,0,1.0,57.6598
random_walk__d0p0__s12__20260615-002758-120048.json,20260615-002758-120048,random_walk,12,0.0,128,500,500,3,2,5,2.0,1000.0,real,0.2,352.0,0,0,8.928879142738879,501,488,70,827,621,24,376,4,1,1.0,57.9614
random_walk__d0p0__s13__20260615-002822-840246.json,20260615-002822-840246,random_walk,13,0.0,128,500,500,3,2,5,2.0,1000.0,real,0.0,,0,24,9.511988493613899,501,443,54,908,489,42,,3,0,1.0,58.0155
random_walk__d0p0__s14__20260615-002854-115799.json,20260615-002854-115799,random_walk,14,0.0,128,500,500,3,2,5,2.0,1000.0,real,0.0,,0,141,10.11354279331863,501,2134,1275,4783,4783,18,,5,0,1.0,57.4136
random_walk__d0p0__s15__20260615-002922-520227.json,20260615-002922-520227,random_walk,15,0.0,128,500,500,3,2,5,2.0,1000.0,real,0.0,,0,152,10.025333034805954,501,2201,1697,5481,5469,350,,1,0,1.0,57.9518
random_walk__d0p0__s16__20260615-002941-685132.json,20260615-002941-685132,random_walk,16,0.0,128,500,500,3,2,5,2.0,1000.0,real,0.2,75.0,0,149,8.60161662939936,501,486,111,946,625,90,165,2,1,1.0,57.7969
random_walk__d0p0__s1__20260615-002329-987223.json,20260615-002329-987223,random_walk,1,0.0,128,500,500,3,2,5,2.0,1000.0,real,0.0,,0,0,8.18138443119824,501,1897,1878,4699,4699,344,,1,0,1.0,57.8111
random_walk__d0p0__s2__20260615-002352-672632.json,20260615-002352-672632,random_walk,2,0.0,128,500,500,3,2,5,2.0,1000.0,real,0.0,,0,70,11.269077061675489,501,451,367,1135,1024,59,,3,0,1.0,57.7696
random_walk__d0p0__s3__20260615-002417-348220.json,20260615-002417-348220,random_walk,3,0.0,128,500,500,3,2,5,2.0,1000.0,real,0.0,,0,0,11.31036052852869,501,443,127,811,559,409,,1,0,1.0,58.0199
random_walk__d0p0__s4__20260615-002441-105525.json,20260615-002441-105525,random_walk,4,0.0,128,500,500,3,2,5,2.0,1000.0,real,0.0,,0,0,7.325120814610273,501,439,105,847,512,22,,2,0,1.0,58.057
random_walk__d0p0__s5__20260615-002509-817660.json,20260615-002509-817660,random_walk,5,0.0,128,500,500,3,2,5,2.0,1000.0,real,0.0,,0,0,8.523841107264161,501,1983,1472,4387,4387,32,,3,0,1.0,57.6586
random_walk__d0p0__s6__20260615-002530-082942.json,20260615-002530-082942,random_walk,6,0.0,128,500,500,3,2,5,2.0,1000.0,real,0.0,,0,150,10.721919545903802,501,447,146,1126,564,12,,2,0,1.0,57.6526
random_walk__d0p0__s7__20260615-002555-220624.json,20260615-002555-220624,random_walk,7,0.0,128,500,500,3,2,5,2.0,1000.0,real,0.0,,0,0,9.779711393639445,501,1963,1942,4167,4167,186,,2,0,1.0,57.7619
random_walk__d0p0__s8__20260615-002622-382812.json,20260615-002622-382812,random_walk,8,0.0,128,500,500,3,2,5,2.0,1000.0,real,0.0,,0,165,10.12929520290345,501,1897,1448,3785,3785,3,,2,0,1.0,57.5948
random_walk__d0p0__s9__20260615-002644-927386.json,20260615-002644-927386,random_walk,9,0.0,128,500,500,3,2,5,2.0,1000.0,real,0.0,,0,0,9.357568989507854,501,590,219,1400,1080,90,,3,0,1.0,57.8521
random_walk__d0p2__s0__20260615-003009-510263.json,20260615-003009-510263,random_walk,0,0.2,128,500,500,3,2,5,2.0,1000.0,real,0.0,,0,0,9.200098761357367,501,1901,1701,4415,4415,173,,1,0,0.7972,57.4135
random_walk__d0p2__s10__20260615-003408-312633.json,20260615-003408-312633,random_walk,10,0.2,128,500,500,3,2,5,2.0,1000.0,real,0.0,,0,0,10.836616187356412,501,480,16,696,83,,,0,0,0.8092,57.7263
random_walk__d0p2__s11__20260615-003428-604880.json,20260615-003428-604880,random_walk,11,0.2,128,500,500,3,2,5,2.0,1000.0,real,0.0,,0,0,8.767000996507704,501,424,26,542,255,113,,2,0,0.7924,57.6364
random_walk__d0p2__s12__20260615-003450-246713.json,20260615-003450-246713,random_walk,12,0.2,128,500,500,3,2,5,2.0,1000.0,real,0.0,,0,16,9.592681770212948,501,855,855,1935,1935,452,,1,0,0.8128,57.6655
random_walk__d0p2__s13__20260615-003517-570335.json,20260615-003517-570335,random_walk,13,0.2,128,500,500,3,2,5,2.0,1000.0,real,0.0,,0,198,10.875587184913456,501,1736,1570,4170,4170,57,,3,0,0.7996,57.9446
random_walk__d0p2__s14__20260615-003536-177287.json,20260615-003536-177287,random_walk,14,0.2,128,500,500,3,2,5,2.0,1000.0,real,0.0,,0,0,9.65992406848818,501,474,102,856,303,167,,3,0,0.7952,57.9159
random_walk__d0p2__s15__20260615-003600-464372.json,20260615-003600-464372,random_walk,15,0.2,128,500,500,3,2,5,2.0,1000.0,real,0.0,,0,246,11.13974304497242,501,1555,1553,2708,2708,76,,1,0,0.7916,57.6669
random_walk__d0p2__s16__20260615-003621-912442.json,20260615-003621-912442,random_walk,16,0.2,128,500,500,3,2,5,2.0,1000.0,real,0.0,,0,0,9.530778522603214,501,456,147,1103,574,215,,3,0,0.804,58.084
random_walk__d0p2__s1__20260615-003029-296665.json,20260615-003029-296665,random_walk,1,0.2,128,500,500,3,2,5,2.0,1000.0,real,0.0,,0,14,8.504312781617045,501,508,106,1098,703,143,,3,0,0.816,57.6476
random_walk__d0p2__s2__20260615-003058-206379.json,20260615-003058-206379,random_walk,2,0.2,128,500,500,3,2,5,2.0,1000.0,real,0.0,,0,0,10.040133803151548,501,2068,1808,5205,5205,265,,3,0,0.8028,57.8101
random_walk__d0p2__s3__20260615-003128-199190.json,20260615-003128-199190,random_walk,3,0.2,128,500,500,3,2,5,2.0,1000.0,real,0.0,,0,298,10.379466000013053,501,2318,1873,6104,6098,452,,3,0,0.7888,57.845
random_walk__d0p2__s4__20260615-003156-877656.json,20260615-003156-877656,random_walk,4,0.2,128,500,500,3,2,5,2.0,1000.0,real,0.0,,0,42,8.452375697903335,501,1891,1528,4816,4803,130,,2,0,0.8048,57.4966
random_walk__d0p2__s5__20260615-003221-837334.json,20260615-003221-837334,random_walk,5,0.2,128,500,500,3,2,5,2.0,1000.0,real,0.0,,0,0,9.305989252403378,501,1957,1901,3885,3885,71,,4,0,0.798,57.4833
random_walk__d0p2__s6__20260615-003243-409292.json,20260615-003243-409292,random_walk,6,0.2,128,500,500,3,2,5,2.0,1000.0,real,0.0,,0,0,10.527313659898937,501,635,186,1436,1353,186,,3,0,0.8088,57.5027
random_walk__d0p2__s7__20260615-003304-065993.json,20260615-003304-065993,random_walk,7,0.2,128,500,500,3,2,5,2.0,1000.0,real,0.0,,0,0,10.151606113649905,501,449,150,947,742,173,,3,0,0.7832,57.7539
random_walk__d0p2__s8__20260615-003324-240134.json,20260615-003324-240134,random_walk,8,0.2,128,500,500,3,2,5,2.0,1000.0,real,0.0,,0,2,9.412775415927172,501,454,333,848,835,162,,1,0,0.7944,57.7287
random_walk__d0p2__s9__20260615-003348-314221.json,20260615-003348-314221,random_walk,9,0.2,128,500,500,3,2,5,2.0,1000.0,real,0.0,,0,0,8.339629516936839,501,900,898,2266,2266,23,,3,0,0.8152,57.7112
random_walk__d0p4__s0__20260615-003653-386363.json,20260615-003653-386363,random_walk,0,0.4,128,500,500,3,2,5,2.0,1000.0,real,0.2,166.0,0,0,9.163559355773032,501,1901,1701,4415,4415,63,229,1,1,0.5976,57.3297
random_walk__d0p4__s10__20260615-004127-320356.json,20260615-004127-320356,random_walk,10,0.4,128,500,500,3,2,5,2.0,1000.0,real,0.0,,0,0,9.731868083588779,501,480,16,696,83,126,,2,0,0.602,57.8637
random_walk__d0p4__s11__20260615-004152-278292.json,20260615-004152-278292,random_walk,11,0.4,128,500,500,3,2,5,2.0,1000.0,real,0.0,,0,0,9.124222383834422,501,424,26,542,255,419,,1,0,0.5892,57.929
random_walk__d0p4__s12__20260615-004220-343241.json,20260615-004220-343241,random_walk,12,0.4,128,500,500,3,2,5,2.0,1000.0,real,0.0,,0,24,10.204137391410768,501,855,855,1935,1935,8,,4,0,0.6088,57.625
random_walk__d0p4__s13__20260615-004253-111861.json,20260615-004253-111861,random_walk,13,0.4,128,500,500,3,2,5,2.0,1000.0,real,0.0,,0,303,11.755397580564022,501,1736,1570,4170,4170,99,,4,0,0.612,57.5607
random_walk__d0p4__s14__20260615-004313-656118.json,20260615-004313-656118,random_walk,14,0.4,128,500,500,3,2,5,2.0,1000.0,real,0.0,,0,3,8.283823246136308,501,474,102,856,303,346,,2,0,0.6136,58.0346
random_walk__d0p4__s15__20260615-004342-387293.json,20260615-004342-387293,random_walk,15,0.4,128,500,500,3,2,5,2.0,1000.0,real,0.0,,0,180,9.872865722514689,501,1555,1553,2708,2708,478,,1,0,0.5936,57.7677
random_walk__d0p4__s16__20260615-004407-239451.json,20260615-004407-239451,random_walk,16,0.4,128,500,500,3,2,5,2.0,1000.0,real,0.0,,0,0,9.294631958939135,501,456,147,1103,574,91,,5,0,0.6056,57.9899
random_walk__d0p4__s1__20260615-003716-094488.json,20260615-003716-094488,random_walk,1,0.4,128,500,500,3,2,5,2.0,1000.0,real,0.0,,0,0,8.593081324361265,501,508,106,1098,703,229,,2,0,0.6056,57.9928
random_walk__d0p4__s2__20260615-003748-805040.json,20260615-003748-805040,random_walk,2,0.4,128,500,500,3,2,5,2.0,1000.0,real,0.0,,0,0,9.866450873203576,501,2068,1808,5205,5205,109,,2,0,0.602,57.783
random_walk__d0p4__s3__20260615-003820-094802.json,20260615-003820-094802,random_walk,3,0.4,128,500,500,3,2,5,2.0,1000.0,real,0.0,,0,166,9.24548430275172,501,2318,1873,6104,6098,469,,1,0,0.5868,57.7149
random_walk__d0p4__s4__20260615-003849-587860.json,20260615-003849-587860,random_walk,4,0.4,128,500,500,3,2,5,2.0,1000.0,real,0.0,,0,5,8.577181274071336,501,1891,1528,4816,4803,8,,3,0,0.5952,57.663
random_walk__d0p4__s5__20260615-003919-138671.json,20260615-003919-138671,random_walk,5,0.4,128,500,500,3,2,5,2.0,1000.0,real,0.0,,0,0,8.706843247637153,501,1957,1901,3885,3885,178,,2,0,0.6012,57.5104
random_walk__d0p4__s6__20260615-003947-000414.json,20260615-003947-000414,random_walk,6,0.4,128,500,500,3,2,5,2.0,1000.0,real,0.0,,0,0,9.296812730841339,501,635,186,1436,1353,175,,3,0,0.6072,57.6376
random_walk__d0p4__s7__20260615-004014-463234.json,20260615-004014-463234,random_walk,7,0.4,128,500,500,3,2,5,2.0,1000.0,real,0.0,,0,42,10.164327365346253,501,449,150,947,742,208,,3,0,0.5812,57.9723
random_walk__d0p4__s8__20260615-004038-226183.json,20260615-004038-226183,random_walk,8,0.4,128,500,500,3,2,5,2.0,1000.0,real,0.0,,0,0,10.726166387088597,501,454,333,848,835,31,,5,0,0.6072,57.679
random_walk__d0p4__s9__20260615-004104-326218.json,20260615-004104-326218,random_walk,9,0.4,128,500,500,3,2,5,2.0,1000.0,real,0.0,,0,48,8.998118571005762,501,900,898,2266,2266,73,,1,0,0.6048,58.1063
random_walk__d0p6__s0__20260615-004438-472083.json,20260615-004438-472083,random_walk,0,0.6,128,500,500,3,2,5,2.0,1000.0,real,0.0,,0,0,8.953930395655334,501,1901,1701,4415,4415,102,,3,0,0.3888,58.0957
random_walk__d0p6__s10__20260615-004924-293782.json,20260615-004924-293782,random_walk,10,0.6,128,500,500,3,2,5,2.0,1000.0,real,0.0,,0,0,9.439624458551407,501,480,16,696,83,45,,3,0,0.3952,57.6448
random_walk__d0p6__s11__20260615-004951-739941.json,20260615-004951-739941,random_walk,11,0.6,128,500,500,3,2,5,2.0,1000.0,real,0.0,,0,0,7.893868587445468,501,424,26,542,255,43,,4,0,0.386,58.0161
random_walk__d0p6__s12__20260615-005030-145027.json,20260615-005030-145027,random_walk,12,0.6,128,500,500,3,2,5,2.0,1000.0,real,0.0,,0,0,8.681463879533112,501,855,855,1935,1935,19,,3,0,0.4192,57.783
random_walk__d0p6__s13__20260615-005111-029591.json,20260615-005111-029591,random_walk,13,0.6,128,500,500,3,2,5,2.0,1000.0,real,0.0,,0,227,10.896583231166005,501,1736,1570,4170,4170,181,,1,0,0.414,58.2987
random_walk__d0p6__s14__20260615-005134-447397.json,20260615-005134-447397,random_walk,14,0.6,128,500,500,3,2,5,2.0,1000.0,real,0.0,,0,9,8.760051774792373,501,474,102,856,303,37,,4,0,0.404,57.6124
random_walk__d0p6__s15__20260615-005205-285885.json,20260615-005205-285885,random_walk,15,0.6,128,500,500,3,2,5,2.0,1000.0,real,0.0,,0,120,9.350519767031074,501,1555,1553,2708,2708,369,,1,0,0.3964,57.7497
random_walk__d0p6__s16__20260615-005235-709433.json,20260615-005235-709433,random_walk,16,0.6,128,500,500,3,2,5,2.0,1000.0,real,0.0,,0,0,9.386315285228193,501,456,147,1103,574,72,,4,0,0.406,58.1714
random_walk__d0p6__s1__20260615-004500-521578.json,20260615-004500-521578,random_walk,1,0.6,128,500,500,3,2,5,2.0,1000.0,real,0.0,,0,0,8.41710151731968,501,508,106,1098,703,80,,3,0,0.4088,57.9141
random_walk__d0p6__s2__20260615-004535-362236.json,20260615-004535-362236,random_walk,2,0.6,128,500,500,3,2,5,2.0,1000.0,real,0.0,,0,0,10.675390269607306,501,2068,1808,5205,5205,38,,2,0,0.3904,57.6451
random_walk__d0p6__s3__20260615-004613-263237.json,20260615-004613-263237,random_walk,3,0.6,128,500,500,3,2,5,2.0,1000.0,real,0.0,,0,8,9.28878902643919,501,2318,1873,6104,6098,52,,4,0,0.3848,57.6286
random_walk__d0p6__s4__20260615-004648-118618.json,20260615-004648-118618,random_walk,4,0.6,128,500,500,3,2,5,2.0,1000.0,real,0.0,,0,0,8.923962660133839,501,1891,1528,4816,4803,16,,1,0,0.4072,57.7519
random_walk__d0p6__s5__20260615-004722-422263.json,20260615-004722-422263,random_walk,5,0.6,128,500,500,3,2,5,2.0,1000.0,real,0.0,,0,104,11.040993011556566,501,1957,1901,3885,3885,486,,1,0,0.4052,57.6505
random_walk__d0p6__s6__20260615-004749-003673.json,20260615-004749-003673,random_walk,6,0.6,128,500,500,3,2,5,2.0,1000.0,real,0.0,,0,0,9.649388253688812,501,635,186,1436,1353,422,,2,0,0.3996,57.9332
random_walk__d0p6__s7__20260615-004812-465371.json,20260615-004812-465371,random_walk,7,0.6,128,500,500,3,2,5,2.0,1000.0,real,0.0,,0,0,10.430349558591843,501,449,150,947,742,119,,1,0,0.3796,58.0552
random_walk__d0p6__s8__20260615-004835-003090.json,20260615-004835-003090,random_walk,8,0.6,128,500,500,3,2,5,2.0,1000.0,real,0.0,,0,0,10.500122990459204,501,454,333,848,835,255,,1,0,0.4196,57.7747
random_walk__d0p6__s9__20260615-004902-495763.json,20260615-004902-495763,random_walk,9,0.6,128,500,500,3,2,5,2.0,1000.0,real,0.0,,0,103,10.063169913366437,501,900,898,2266,2266,164,,3,0,0.4104,57.7958
random_walk__d0p8__s0__20260615-005317-417028.json,20260615-005317-417028,random_walk,0,0.8,128,500,500,3,2,5,2.0,1000.0,real,0.0,,0,0,8.409874058328569,501,1901,1701,4415,4415,27,,3,0,0.2032,57.3461
random_walk__d0p8__s10__20260615-005922-316746.json,20260615-005922-316746,random_walk,10,0.8,128,500,500,3,2,5,2.0,1000.0,real,0.0,,0,0,10.697498981840909,501,480,16,696,83,110,,3,0,0.1992,58.0846
random_walk__d0p8__s11__20260615-005943-332051.json,20260615-005943-332051,random_walk,11,0.8,128,500,500,3,2,5,2.0,1000.0,real,0.0,,0,0,8.424656702205539,501,424,26,542,255,31,,3,0,0.1992,57.8068
random_walk__d0p8__s12__20260615-010005-053372.json,20260615-010005-053372,random_walk,12,0.8,128,500,500,3,2,5,2.0,1000.0,real,0.0,,0,13,10.203575072810054,501,855,855,1935,1935,42,,3,0,0.218,57.8036
random_walk__d0p8__s13__20260615-010033-235008.json,20260615-010033-235008,random_walk,13,0.8,128,500,500,3,2,5,2.0,1000.0,real,0.0,,0,80,10.605704016983509,501,1736,1570,4170,4170,264,,3,0,0.2024,57.6518
random_walk__d0p8__s14__20260615-010053-019239.json,20260615-010053-019239,random_walk,14,0.8,128,500,500,3,2,5,2.0,1000.0,real,0.0,,0,0,7.8059463538229465,501,474,102,856,303,182,,2,0,0.1824,57.7498
random_walk__d0p8__s15__20260615-010118-061902.json,20260615-010118-061902,random_walk,15,0.8,128,500,500,3,2,5,2.0,1000.0,real,0.0,,0,179,10.532669505104423,501,1555,1553,2708,2708,124,,1,0,0.1892,57.9861
random_walk__d0p8__s16__20260615-010139-937069.json,20260615-010139-937069,random_walk,16,0.8,128,500,500,3,2,5,2.0,1000.0,real,0.0,,0,0,10.12655112799257,501,456,147,1103,574,54,,1,0,0.2044,57.6537
random_walk__d0p8__s1__20260615-005352-834562.json,20260615-005352-834562,random_walk,1,0.8,128,500,500,3,2,5,2.0,1000.0,real,0.0,,0,3,8.51572927646339,501,508,106,1098,703,110,,3,0,0.2008,58.0128
random_walk__d0p8__s2__20260615-005444-483933.json,20260615-005444-483933,random_walk,2,0.8,128,500,500,3,2,5,2.0,1000.0,real,0.0,,0,0,9.336508449167013,501,2068,1808,5205,5205,222,,1,0,0.1888,57.711
random_walk__d0p8__s3__20260615-005538-536317.json,20260615-005538-536317,random_walk,3,0.8,128,500,500,3,2,5,2.0,1000.0,real,0.0,,0,310,11.534965610131621,501,2318,1873,6104,6098,,,0,0,0.1912,58.1089
random_walk__d0p8__s4__20260615-005618-871492.json,20260615-005618-871492,random_walk,4,0.8,128,500,500,3,2,5,2.0,1000.0,real,0.0,,0,0,9.043304947204888,501,1891,1528,4816,4803,251,,1,0,0.2092,57.8027
random_walk__d0p8__s5__20260615-005651-102673.json,20260615-005651-102673,random_walk,5,0.8,128,500,500,3,2,5,2.0,1000.0,real,0.0,,0,95,8.835085488855839,501,1957,1901,3885,3885,13,,3,0,0.1992,57.9664
random_walk__d0p8__s6__20260615-005722-694725.json,20260615-005722-694725,random_walk,6,0.8,128,500,500,3,2,5,2.0,1000.0,real,0.0,,0,0,8.495129449293017,501,635,186,1436,1353,,,0,0,0.1904,58.0857
random_walk__d0p8__s7__20260615-005757-285954.json,20260615-005757-285954,random_walk,7,0.8,128,500,500,3,2,5,2.0,1000.0,real,0.0,,0,0,10.004539695568383,501,449,150,947,742,,,0,0,0.1892,57.9292
random_walk__d0p8__s8__20260615-005828-886518.json,20260615-005828-886518,random_walk,8,0.8,128,500,500,3,2,5,2.0,1000.0,real,0.0,,0,0,10.43570939078927,501,454,333,848,835,50,,3,0,0.2072,57.4065
random_walk__d0p8__s9__20260615-005858-973658.json,20260615-005858-973658,random_walk,9,0.8,128,500,500,3,2,5,2.0,1000.0,real,0.0,,0,1,8.708133855834603,501,900,898,2266,2266,197,,1,0,0.1944,58.0485
